{
    "cr": {
        "aid": "cnj",
        "month": 1,
        "year": 2018,
        "files": [],
        "crawler": {
            "id": "cnj",
            "version": "ec380c3dfeb6636a98177ec17c2de19628669364"
        },
        "employees": {
            "ALEXANDRE KARAZAWA TAKASCHIMA": {
                "name": "ALEXANDRE KARAZAWA TAKASCHIMA",
                "type": "membro",
                "active": true,
                "income": {
                    "total": 43500.28,
                    "wage": 32074.85,
                    "perks": {
                        "total": 0.0,
                        "food": 0.0,
                        "pre_school": 0,
                        "health": 0.0,
                        "birth_aid": 0.0,
                        "housing_aid": 0.0,
                        "subsistence": 0.0
                    },
                    "other": {
                        "total": 6875.43,
                        "daily": 4550.0,
                        "others_total": 2325.43,
                        "others": {
                            "Abono de permanência": 0,
                            "Abono constitucional de 1/3 de férias": 0.0,
                            "Indenização de férias": 0.0,
                            "Antecipação de férias": 0,
                            "Gratificação natalina": 0.0,
                            "Antecipação de gratificação natalina": 2325.43,
                            "Substituição": 0,
                            "Gratificação por exercício cumulativo": 0,
                            "Gratificação por encargo Curso/Concurso": 0.0,
                            "Pagamentos retroativos": 0.0,
                            "JETON": 0.0
                        }
                    }
                },
                "discounts": {
                    "total": 410.31,
                    "prev_contribution": 0.0,
                    "ceil_retention": 0.0,
                    "income_tax": 410.31,
                    "others_total": 0.0,
                    "others": {
                        "Descontos Diversos": 0.0
                    }
                }
            },
            "ALOYSIO SILVA CORRÊA DA VEIGA": {
                "name": "ALOYSIO SILVA CORRÊA DA VEIGA",
                "type": "membro",
                "active": true,
                "income": {
                    "total": 32074.85,
                    "wage": 32074.85,
                    "perks": {
                        "total": 0.0,
                        "food": 0.0,
                        "pre_school": 0,
                        "health": 0.0,
                        "birth_aid": 0.0,
                        "housing_aid": 0.0,
                        "subsistence": 0.0
                    },
                    "other": {
                        "total": 0.0,
                        "daily": 0.0,
                        "others_total": 0.0,
                        "others": {
                            "Abono de permanência": 0,
                            "Abono constitucional de 1/3 de férias": 0.0,
                            "Indenização de férias": 0.0,
                            "Antecipação de férias": 0,
                            "Gratificação natalina": 0.0,
                            "Antecipação de gratificação natalina": 0.0,
                            "Substituição": 0,
                            "Gratificação por exercício cumulativo": 0,
                            "Gratificação por encargo Curso/Concurso": 0.0,
                            "Pagamentos retroativos": 0.0,
                            "JETON": 0.0
                        }
                    }
                },
                "discounts": {
                    "total": 0.0,
                    "prev_contribution": 0.0,
                    "ceil_retention": 0.0,
                    "income_tax": 0.0,
                    "others_total": 0.0,
                    "others": {
                        "Descontos Diversos": 0.0
                    }
                }
            },
            "ANDRE LUIS GUIMARÃES GODINHO": {
                "name": "ANDRE LUIS GUIMARÃES GODINHO",
                "type": "membro",
                "active": true,
                "income": {
                    "total": 57396.28,
                    "wage": 32074.85,
                    "perks": {
                        "total": 884.0,
                        "food": 884.0,
                        "pre_school": 0,
                        "health": 0.0,
                        "birth_aid": 0.0,
                        "housing_aid": 0.0,
                        "subsistence": 0.0
                    },
                    "other": {
                        "total": 20237.43,
                        "daily": 4200.0,
                        "others_total": 16037.43,
                        "others": {
                            "Abono de permanência": 0,
                            "Abono constitucional de 1/3 de férias": 0.0,
                            "Indenização de férias": 0.0,
                            "Antecipação de férias": 0,
                            "Gratificação natalina": 0.0,
                            "Antecipação de gratificação natalina": 16037.43,
                            "Substituição": 0,
                            "Gratificação por exercício cumulativo": 0,
                            "Gratificação por encargo Curso/Concurso": 0.0,
                            "Pagamentos retroativos": 0.0,
                            "JETON": 0.0
                        }
                    }
                },
                "discounts": {
                    "total": 8401.48,
                    "prev_contribution": 621.04,
                    "ceil_retention": 0.0,
                    "income_tax": 7780.44,
                    "others_total": 0.0,
                    "others": {
                        "Descontos Diversos": 0.0
                    }
                }
            },
            "ANDREMARA DOS SANTOS": {
                "name": "ANDREMARA DOS SANTOS",
                "type": "membro",
                "active": true,
                "income": {
                    "total": 47243.22,
                    "wage": 32074.85,
                    "perks": {
                        "total": 0.0,
                        "food": 0.0,
                        "pre_school": 0,
                        "health": 0.0,
                        "birth_aid": 0.0,
                        "housing_aid": 0.0,
                        "subsistence": 0.0
                    },
                    "other": {
                        "total": 8518.37,
                        "daily": 6650.0,
                        "others_total": 1868.37,
                        "others": {
                            "Abono de permanência": 0,
                            "Abono constitucional de 1/3 de férias": 0.0,
                            "Indenização de férias": 0.0,
                            "Antecipação de férias": 0,
                            "Gratificação natalina": 0.0,
                            "Antecipação de gratificação natalina": 1868.37,
                            "Substituição": 0,
                            "Gratificação por exercício cumulativo": 0,
                            "Gratificação por encargo Curso/Concurso": 0.0,
                            "Pagamentos retroativos": 0.0,
                            "JETON": 0.0
                        }
                    }
                },
                "discounts": {
                    "total": 205.71,
                    "prev_contribution": 0.0,
                    "ceil_retention": 0.0,
                    "income_tax": 205.71,
                    "others_total": 0.0,
                    "others": {
                        "Descontos Diversos": 0.0
                    }
                }
            },
            "ARNALDO HOSSEPIAN SALLES LIMA JUNIOR": {
                "name": "ARNALDO HOSSEPIAN SALLES LIMA JUNIOR",
                "type": "membro",
                "active": true,
                "income": {
                    "total": 39179.69,
                    "wage": 32946.46,
                    "perks": {
                        "total": 633.23,
                        "food": 0.0,
                        "pre_school": 0,
                        "health": 633.23,
                        "birth_aid": 0.0,
                        "housing_aid": 0.0,
                        "subsistence": 0.0
                    },
                    "other": {
                        "total": 2800.0,
                        "daily": 2800.0,
                        "others_total": 0.0,
                        "others": {
                            "Abono de permanência": 0,
                            "Abono constitucional de 1/3 de férias": 0.0,
                            "Indenização de férias": 0.0,
                            "Antecipação de férias": 0,
                            "Gratificação natalina": 0.0,
                            "Antecipação de gratificação natalina": 0.0,
                            "Substituição": 0,
                            "Gratificação por exercício cumulativo": 0,
                            "Gratificação por encargo Curso/Concurso": 0.0,
                            "Pagamentos retroativos": 0.0,
                            "JETON": 0.0
                        }
                    }
                },
                "discounts": {
                    "total": 0.0,
                    "prev_contribution": 0.0,
                    "ceil_retention": 0.0,
                    "income_tax": 0.0,
                    "others_total": 0.0,
                    "others": {
                        "Descontos Diversos": 0.0
                    }
                }
            },
            "CANDICE LAVOCAT GALVÃO JOBIM": {
                "name": "CANDICE LAVOCAT GALVÃO JOBIM",
                "type": "membro",
                "active": true,
                "income": {
                    "total": 33638.5,
                    "wage": 32074.85,
                    "perks": {
                        "total": 0.0,
                        "food": 0.0,
                        "pre_school": 0,
                        "health": 0.0,
                        "birth_aid": 0.0,
                        "housing_aid": 0.0,
                        "subsistence": 0.0
                    },
                    "other": {
                        "total": 1563.65,
                        "daily": 0.0,
                        "others_total": 1563.65,
                        "others": {
                            "Abono de permanência": 0,
                            "Abono constitucional de 1/3 de férias": 0.0,
                            "Indenização de férias": 0.0,
                            "Antecipação de férias": 0,
                            "Gratificação natalina": 0.0,
                            "Antecipação de gratificação natalina": 1563.65,
                            "Substituição": 0,
                            "Gratificação por exercício cumulativo": 0,
                            "Gratificação por encargo Curso/Concurso": 0.0,
                            "Pagamentos retroativos": 0.0,
                            "JETON": 0.0
                        }
                    }
                },
                "discounts": {
                    "total": 114.3,
                    "prev_contribution": 0.0,
                    "ceil_retention": 0.0,
                    "income_tax": 114.3,
                    "others_total": 0.0,
                    "others": {
                        "Descontos Diversos": 0.0
                    }
                }
            },
            "CARLOS VIEIRA VON ADAMEK": {
                "name": "CARLOS VIEIRA VON ADAMEK",
                "type": "membro",
                "active": true,
                "income": {
                    "total": 34174.85,
                    "wage": 32074.85,
                    "perks": {
                        "total": 0.0,
                        "food": 0.0,
                        "pre_school": 0,
                        "health": 0.0,
                        "birth_aid": 0.0,
                        "housing_aid": 0.0,
                        "subsistence": 0.0
                    },
                    "other": {
                        "total": 1050.0,
                        "daily": 1050.0,
                        "others_total": 0.0,
                        "others": {
                            "Abono de permanência": 0,
                            "Abono constitucional de 1/3 de férias": 0.0,
                            "Indenização de férias": 0.0,
                            "Antecipação de férias": 0,
                            "Gratificação natalina": 0.0,
                            "Antecipação de gratificação natalina": 0.0,
                            "Substituição": 0,
                            "Gratificação por exercício cumulativo": 0,
                            "Gratificação por encargo Curso/Concurso": 0.0,
                            "Pagamentos retroativos": 0.0,
                            "JETON": 0.0
                        }
                    }
                },
                "discounts": {
                    "total": 0.0,
                    "prev_contribution": 0.0,
                    "ceil_retention": 0.0,
                    "income_tax": 0.0,
                    "others_total": 0.0,
                    "others": {
                        "Descontos Diversos": 0.0
                    }
                }
            },
            "CÁRMEN LÚCIA ANTUNES ROCHA": {
                "name": "CÁRMEN LÚCIA ANTUNES ROCHA",
                "type": "membro",
                "active": true,
                "income": {
                    "total": 33763.0,
                    "wage": 33763.0,
                    "perks": {
                        "total": 0.0,
                        "food": 0.0,
                        "pre_school": 0,
                        "health": 0.0,
                        "birth_aid": 0.0,
                        "housing_aid": 0.0,
                        "subsistence": 0.0
                    },
                    "other": {
                        "total": 0.0,
                        "daily": 0.0,
                        "others_total": 0.0,
                        "others": {
                            "Abono de permanência": 0,
                            "Abono constitucional de 1/3 de férias": 0.0,
                            "Indenização de férias": 0.0,
                            "Antecipação de férias": 0,
                            "Gratificação natalina": 0.0,
                            "Antecipação de gratificação natalina": 0.0,
                            "Substituição": 0,
                            "Gratificação por exercício cumulativo": 0,
                            "Gratificação por encargo Curso/Concurso": 0.0,
                            "Pagamentos retroativos": 0.0,
                            "JETON": 0.0
                        }
                    }
                },
                "discounts": {
                    "total": 0.0,
                    "prev_contribution": 0.0,
                    "ceil_retention": 0.0,
                    "income_tax": 0.0,
                    "others_total": 0.0,
                    "others": {
                        "Descontos Diversos": 0.0
                    }
                }
            },
            "CLÁUDIA SILVIA DE ANDRADE FREITAS": {
                "name": "CLÁUDIA SILVIA DE ANDRADE FREITAS",
                "type": "membro",
                "active": true,
                "income": {
                    "total": 34361.89,
                    "wage": 32074.85,
                    "perks": {
                        "total": 0.0,
                        "food": 0.0,
                        "pre_school": 0,
                        "health": 0.0,
                        "birth_aid": 0.0,
                        "housing_aid": 0.0,
                        "subsistence": 0.0
                    },
                    "other": {
                        "total": 2287.04,
                        "daily": 0.0,
                        "others_total": 2287.04,
                        "others": {
                            "Abono de permanência": 0,
                            "Abono constitucional de 1/3 de férias": 0.0,
                            "Indenização de férias": 0.0,
                            "Antecipação de férias": 0,
                            "Gratificação natalina": 0.0,
                            "Antecipação de gratificação natalina": 2287.04,
                            "Substituição": 0,
                            "Gratificação por exercício cumulativo": 0,
                            "Gratificação por encargo Curso/Concurso": 0.0,
                            "Pagamentos retroativos": 0.0,
                            "JETON": 0.0
                        }
                    }
                },
                "discounts": {
                    "total": 393.04,
                    "prev_contribution": 0.0,
                    "ceil_retention": 0.0,
                    "income_tax": 393.04,
                    "others_total": 0.0,
                    "others": {
                        "Descontos Diversos": 0.0
                    }
                }
            },
            "DALDICE MARIA SANTANA DE ALMEIDA": {
                "name": "DALDICE MARIA SANTANA DE ALMEIDA",
                "type": "membro",
                "active": true,
                "income": {
                    "total": 36376.72,
                    "wage": 32074.85,
                    "perks": {
                        "total": 0.0,
                        "food": 0.0,
                        "pre_school": 0,
                        "health": 0.0,
                        "birth_aid": 0.0,
                        "housing_aid": 0.0,
                        "subsistence": 0.0
                    },
                    "other": {
                        "total": 2551.87,
                        "daily": 1750.0,
                        "others_total": 801.87,
                        "others": {
                            "Abono de permanência": 0,
                            "Abono constitucional de 1/3 de férias": 0.0,
                            "Indenização de férias": 0.0,
                            "Antecipação de férias": 0,
                            "Gratificação natalina": 0.0,
                            "Antecipação de gratificação natalina": 801.87,
                            "Substituição": 0,
                            "Gratificação por exercício cumulativo": 0,
                            "Gratificação por encargo Curso/Concurso": 0.0,
                            "Pagamentos retroativos": 0.0,
                            "JETON": 0.0
                        }
                    }
                },
                "discounts": {
                    "total": 0.0,
                    "prev_contribution": 0.0,
                    "ceil_retention": 0.0,
                    "income_tax": 0.0,
                    "others_total": 0.0,
                    "others": {
                        "Descontos Diversos": 0.0
                    }
                }
            },
            "FERNANDO CESAR BAPTISTA DE MATTOS": {
                "name": "FERNANDO CESAR BAPTISTA DE MATTOS",
                "type": "membro",
                "active": true,
                "income": {
                    "total": 40638.5,
                    "wage": 32074.85,
                    "perks": {
                        "total": 0.0,
                        "food": 0.0,
                        "pre_school": 0,
                        "health": 0.0,
                        "birth_aid": 0.0,
                        "housing_aid": 0.0,
                        "subsistence": 0.0
                    },
                    "other": {
                        "total": 5063.65,
                        "daily": 3500.0,
                        "others_total": 1563.65,
                        "others": {
                            "Abono de permanência": 0,
                            "Abono constitucional de 1/3 de férias": 0.0,
                            "Indenização de férias": 0.0,
                            "Antecipação de férias": 0,
                            "Gratificação natalina": 0.0,
                            "Antecipação de gratificação natalina": 1563.65,
                            "Substituição": 0,
                            "Gratificação por exercício cumulativo": 0,
                            "Gratificação por encargo Curso/Concurso": 0.0,
                            "Pagamentos retroativos": 0.0,
                            "JETON": 0.0
                        }
                    }
                },
                "discounts": {
                    "total": 114.3,
                    "prev_contribution": 0.0,
                    "ceil_retention": 0.0,
                    "income_tax": 114.3,
                    "others_total": 0.0,
                    "others": {
                        "Descontos Diversos": 0.0
                    }
                }
            },
            "GIOVANNI OLSSON": {
                "name": "GIOVANNI OLSSON",
                "type": "membro",
                "active": true,
                "income": {
                    "total": 33638.5,
                    "wage": 32074.85,
                    "perks": {
                        "total": 0.0,
                        "food": 0.0,
                        "pre_school": 0,
                        "health": 0.0,
                        "birth_aid": 0.0,
                        "housing_aid": 0.0,
                        "subsistence": 0.0
                    },
                    "other": {
                        "total": 1563.65,
                        "daily": 0.0,
                        "others_total": 1563.65,
                        "others": {
                            "Abono de permanência": 0,
                            "Abono constitucional de 1/3 de férias": 0.0,
                            "Indenização de férias": 0.0,
                            "Antecipação de férias": 0,
                            "Gratificação natalina": 0.0,
                            "Antecipação de gratificação natalina": 1563.65,
                            "Substituição": 0,
                            "Gratificação por exercício cumulativo": 0,
                            "Gratificação por encargo Curso/Concurso": 0.0,
                            "Pagamentos retroativos": 0.0,
                            "JETON": 0.0
                        }
                    }
                },
                "discounts": {
                    "total": 114.3,
                    "prev_contribution": 0.0,
                    "ceil_retention": 0.0,
                    "income_tax": 114.3,
                    "others_total": 0.0,
                    "others": {
                        "Descontos Diversos": 0.0
                    }
                }
            },
            "HENRIQUE DE ALMEIDA AVILA": {
                "name": "HENRIQUE DE ALMEIDA AVILA",
                "type": "membro",
                "active": true,
                "income": {
                    "total": 59061.74,
                    "wage": 32074.85,
                    "perks": {
                        "total": 1849.46,
                        "food": 884.0,
                        "pre_school": 0,
                        "health": 965.46,
                        "birth_aid": 0.0,
                        "housing_aid": 0.0,
                        "subsistence": 0.0
                    },
                    "other": {
                        "total": 20587.43,
                        "daily": 4550.0,
                        "others_total": 16037.43,
                        "others": {
                            "Abono de permanência": 0,
                            "Abono constitucional de 1/3 de férias": 0.0,
                            "Indenização de férias": 0.0,
                            "Antecipação de férias": 0,
                            "Gratificação natalina": 0.0,
                            "Antecipação de gratificação natalina": 16037.43,
                            "Substituição": 0,
                            "Gratificação por exercício cumulativo": 0,
                            "Gratificação por encargo Curso/Concurso": 0.0,
                            "Pagamentos retroativos": 0.0,
                            "JETON": 0.0
                        }
                    }
                },
                "discounts": {
                    "total": 8401.48,
                    "prev_contribution": 621.04,
                    "ceil_retention": 0.0,
                    "income_tax": 7780.44,
                    "others_total": 0.0,
                    "others": {
                        "Descontos Diversos": 0.0
                    }
                }
            },
            "JOÃO OTÁVIO DE NORONHA": {
                "name": "JOÃO OTÁVIO DE NORONHA",
                "type": "membro",
                "active": true,
                "income": {
                    "total": 32074.85,
                    "wage": 32074.85,
                    "perks": {
                        "total": 0.0,
                        "food": 0.0,
                        "pre_school": 0,
                        "health": 0.0,
                        "birth_aid": 0.0,
                        "housing_aid": 0.0,
                        "subsistence": 0.0
                    },
                    "other": {
                        "total": 0.0,
                        "daily": 0.0,
                        "others_total": 0.0,
                        "others": {
                            "Abono de permanência": 0,
                            "Abono constitucional de 1/3 de férias": 0.0,
                            "Indenização de férias": 0.0,
                            "Antecipação de férias": 0,
                            "Gratificação natalina": 0.0,
                            "Antecipação de gratificação natalina": 0.0,
                            "Substituição": 0,
                            "Gratificação por exercício cumulativo": 0,
                            "Gratificação por encargo Curso/Concurso": 0.0,
                            "Pagamentos retroativos": 0.0,
                            "JETON": 0.0
                        }
                    }
                },
                "discounts": {
                    "total": 0.0,
                    "prev_contribution": 0.0,
                    "ceil_retention": 0.0,
                    "income_tax": 0.0,
                    "others_total": 0.0,
                    "others": {
                        "Descontos Diversos": 0.0
                    }
                }
            },
            "JULIO FERREIRA DE ANDRADE": {
                "name": "JULIO FERREIRA DE ANDRADE",
                "type": "membro",
                "active": true,
                "income": {
                    "total": 33638.5,
                    "wage": 32074.85,
                    "perks": {
                        "total": 0.0,
                        "food": 0.0,
                        "pre_school": 0,
                        "health": 0.0,
                        "birth_aid": 0.0,
                        "housing_aid": 0.0,
                        "subsistence": 0.0
                    },
                    "other": {
                        "total": 1563.65,
                        "daily": 0.0,
                        "others_total": 1563.65,
                        "others": {
                            "Abono de permanência": 0,
                            "Abono constitucional de 1/3 de férias": 0.0,
                            "Indenização de férias": 0.0,
                            "Antecipação de férias": 0,
                            "Gratificação natalina": 0.0,
                            "Antecipação de gratificação natalina": 1563.65,
                            "Substituição": 0,
                            "Gratificação por exercício cumulativo": 0,
                            "Gratificação por encargo Curso/Concurso": 0.0,
                            "Pagamentos retroativos": 0.0,
                            "JETON": 0.0
                        }
                    }
                },
                "discounts": {
                    "total": 114.3,
                    "prev_contribution": 0.0,
                    "ceil_retention": 0.0,
                    "income_tax": 114.3,
                    "others_total": 0.0,
                    "others": {
                        "Descontos Diversos": 0.0
                    }
                }
            },
            "LIZANDRO GARCIA GOMES FILHO": {
                "name": "LIZANDRO GARCIA GOMES FILHO",
                "type": "membro",
                "active": true,
                "income": {
                    "total": 33763.0,
                    "wage": 33763.0,
                    "perks": {
                        "total": 0.0,
                        "food": 0.0,
                        "pre_school": 0,
                        "health": 0.0,
                        "birth_aid": 0.0,
                        "housing_aid": 0.0,
                        "subsistence": 0.0
                    },
                    "other": {
                        "total": 0.0,
                        "daily": 0.0,
                        "others_total": 0.0,
                        "others": {
                            "Abono de permanência": 0,
                            "Abono constitucional de 1/3 de férias": 0.0,
                            "Indenização de férias": 0.0,
                            "Antecipação de férias": 0,
                            "Gratificação natalina": 0.0,
                            "Antecipação de gratificação natalina": 0.0,
                            "Substituição": 0,
                            "Gratificação por exercício cumulativo": 0,
                            "Gratificação por encargo Curso/Concurso": 0.0,
                            "Pagamentos retroativos": 0.0,
                            "JETON": 0.0
                        }
                    }
                },
                "discounts": {
                    "total": 0.0,
                    "prev_contribution": 0.0,
                    "ceil_retention": 0.0,
                    "income_tax": 0.0,
                    "others_total": 0.0,
                    "others": {
                        "Descontos Diversos": 0.0
                    }
                }
            },
            "MARCELO MESQUITA SILVA": {
                "name": "MARCELO MESQUITA SILVA",
                "type": "membro",
                "active": true,
                "income": {
                    "total": 51942.86,
                    "wage": 32074.85,
                    "perks": {
                        "total": 0.0,
                        "food": 0.0,
                        "pre_school": 0,
                        "health": 0.0,
                        "birth_aid": 0.0,
                        "housing_aid": 0.0,
                        "subsistence": 0.0
                    },
                    "other": {
                        "total": 10068.01,
                        "daily": 9800.0,
                        "others_total": 268.01,
                        "others": {
                            "Abono de permanência": 0,
                            "Abono constitucional de 1/3 de férias": 0.0,
                            "Indenização de férias": 0.0,
                            "Antecipação de férias": 0,
                            "Gratificação natalina": 0.0,
                            "Antecipação de gratificação natalina": 268.01,
                            "Substituição": 0,
                            "Gratificação por exercício cumulativo": 0,
                            "Gratificação por encargo Curso/Concurso": 0.0,
                            "Pagamentos retroativos": 0.0,
                            "JETON": 0.0
                        }
                    }
                },
                "discounts": {
                    "total": 0.0,
                    "prev_contribution": 0.0,
                    "ceil_retention": 0.0,
                    "income_tax": 0.0,
                    "others_total": 0.0,
                    "others": {
                        "Descontos Diversos": 0.0
                    }
                }
            },
            "MARCIO EVANGELISTA FERREIRA DA SILVA": {
                "name": "MARCIO EVANGELISTA FERREIRA DA SILVA",
                "type": "membro",
                "active": true,
                "income": {
                    "total": 35738.5,
                    "wage": 32074.85,
                    "perks": {
                        "total": 0.0,
                        "food": 0.0,
                        "pre_school": 0,
                        "health": 0.0,
                        "birth_aid": 0.0,
                        "housing_aid": 0.0,
                        "subsistence": 0.0
                    },
                    "other": {
                        "total": 2613.65,
                        "daily": 1050.0,
                        "others_total": 1563.65,
                        "others": {
                            "Abono de permanência": 0,
                            "Abono constitucional de 1/3 de férias": 0.0,
                            "Indenização de férias": 0.0,
                            "Antecipação de férias": 0,
                            "Gratificação natalina": 0.0,
                            "Antecipação de gratificação natalina": 1563.65,
                            "Substituição": 0,
                            "Gratificação por exercício cumulativo": 0,
                            "Gratificação por encargo Curso/Concurso": 0.0,
                            "Pagamentos retroativos": 0.0,
                            "JETON": 0.0
                        }
                    }
                },
                "discounts": {
                    "total": 114.3,
                    "prev_contribution": 0.0,
                    "ceil_retention": 0.0,
                    "income_tax": 114.3,
                    "others_total": 0.0,
                    "others": {
                        "Descontos Diversos": 0.0
                    }
                }
            },
            "MÁRCIO SCHIEFLER FONTES": {
                "name": "MÁRCIO SCHIEFLER FONTES",
                "type": "membro",
                "active": true,
                "income": {
                    "total": 45143.21,
                    "wage": 32074.85,
                    "perks": {
                        "total": 0.0,
                        "food": 0.0,
                        "pre_school": 0,
                        "health": 0.0,
                        "birth_aid": 0.0,
                        "housing_aid": 0.0,
                        "subsistence": 0.0
                    },
                    "other": {
                        "total": 7468.36,
                        "daily": 5600.0,
                        "others_total": 1868.36,
                        "others": {
                            "Abono de permanência": 0,
                            "Abono constitucional de 1/3 de férias": 0.0,
                            "Indenização de férias": 0.0,
                            "Antecipação de férias": 0,
                            "Gratificação natalina": 0.0,
                            "Antecipação de gratificação natalina": 1868.36,
                            "Substituição": 0,
                            "Gratificação por exercício cumulativo": 0,
                            "Gratificação por encargo Curso/Concurso": 0.0,
                            "Pagamentos retroativos": 0.0,
                            "JETON": 0.0
                        }
                    }
                },
                "discounts": {
                    "total": 205.71,
                    "prev_contribution": 0.0,
                    "ceil_retention": 0.0,
                    "income_tax": 205.71,
                    "others_total": 0.0,
                    "others": {
                        "Descontos Diversos": 0.0
                    }
                }
            },
            "MARIA DE FATIMA ALVES DA SILVA": {
                "name": "MARIA DE FATIMA ALVES DA SILVA",
                "type": "membro",
                "active": true,
                "income": {
                    "total": 45562.19,
                    "wage": 32074.85,
                    "perks": {
                        "total": 0.0,
                        "food": 0.0,
                        "pre_school": 0,
                        "health": 0.0,
                        "birth_aid": 0.0,
                        "housing_aid": 0.0,
                        "subsistence": 0.0
                    },
                    "other": {
                        "total": 7887.34,
                        "daily": 5600.0,
                        "others_total": 2287.34,
                        "others": {
                            "Abono de permanência": 0,
                            "Abono constitucional de 1/3 de férias": 0.0,
                            "Indenização de férias": 0.0,
                            "Antecipação de férias": 0,
                            "Gratificação natalina": 0.0,
                            "Antecipação de gratificação natalina": 2287.34,
                            "Substituição": 0,
                            "Gratificação por exercício cumulativo": 0,
                            "Gratificação por encargo Curso/Concurso": 0.0,
                            "Pagamentos retroativos": 0.0,
                            "JETON": 0.0
                        }
                    }
                },
                "discounts": {
                    "total": 393.17,
                    "prev_contribution": 0.0,
                    "ceil_retention": 0.0,
                    "income_tax": 393.17,
                    "others_total": 0.0,
                    "others": {
                        "Descontos Diversos": 0.0
                    }
                }
            },
            "MARIA IRACEMA MARTINS DO VALE": {
                "name": "MARIA IRACEMA MARTINS DO VALE",
                "type": "membro",
                "active": true,
                "income": {
                    "total": 36376.72,
                    "wage": 32074.85,
                    "perks": {
                        "total": 0.0,
                        "food": 0.0,
                        "pre_school": 0,
                        "health": 0.0,
                        "birth_aid": 0.0,
                        "housing_aid": 0.0,
                        "subsistence": 0.0
                    },
                    "other": {
                        "total": 2551.87,
                        "daily": 1750.0,
                        "others_total": 801.87,
                        "others": {
                            "Abono de permanência": 0,
                            "Abono constitucional de 1/3 de férias": 0.0,
                            "Indenização de férias": 0.0,
                            "Antecipação de férias": 0,
                            "Gratificação natalina": 0.0,
                            "Antecipação de gratificação natalina": 801.87,
                            "Substituição": 0,
                            "Gratificação por exercício cumulativo": 0,
                            "Gratificação por encargo Curso/Concurso": 0.0,
                            "Pagamentos retroativos": 0.0,
                            "JETON": 0.0
                        }
                    }
                },
                "discounts": {
                    "total": 0.0,
                    "prev_contribution": 0.0,
                    "ceil_retention": 0.0,
                    "income_tax": 0.0,
                    "others_total": 0.0,
                    "others": {
                        "Descontos Diversos": 0.0
                    }
                }
            },
            "MARIA TEREZA UILLE GOMES": {
                "name": "MARIA TEREZA UILLE GOMES",
                "type": "membro",
                "active": true,
                "income": {
                    "total": 42860.72,
                    "wage": 32074.85,
                    "perks": {
                        "total": 884.0,
                        "food": 884.0,
                        "pre_school": 0,
                        "health": 0.0,
                        "birth_aid": 0.0,
                        "housing_aid": 0.0,
                        "subsistence": 0.0
                    },
                    "other": {
                        "total": 5351.87,
                        "daily": 4550.0,
                        "others_total": 801.87,
                        "others": {
                            "Abono de permanência": 0,
                            "Abono constitucional de 1/3 de férias": 0.0,
                            "Indenização de férias": 0.0,
                            "Antecipação de férias": 0,
                            "Gratificação natalina": 0.0,
                            "Antecipação de gratificação natalina": 801.87,
                            "Substituição": 0,
                            "Gratificação por exercício cumulativo": 0,
                            "Gratificação por encargo Curso/Concurso": 0.0,
                            "Pagamentos retroativos": 0.0,
                            "JETON": 0.0
                        }
                    }
                },
                "discounts": {
                    "total": 128.29,
                    "prev_contribution": 128.29,
                    "ceil_retention": 0.0,
                    "income_tax": 0.0,
                    "others_total": 0.0,
                    "others": {
                        "Descontos Diversos": 0.0
                    }
                }
            },
            "ROGERIO JOSÉ BENTO SOARES DO NASCIMENTO": {
                "name": "ROGERIO JOSÉ BENTO SOARES DO NASCIMENTO",
                "type": "membro",
                "active": true,
                "income": {
                    "total": 32876.72,
                    "wage": 32074.85,
                    "perks": {
                        "total": 0.0,
                        "food": 0.0,
                        "pre_school": 0,
                        "health": 0.0,
                        "birth_aid": 0.0,
                        "housing_aid": 0.0,
                        "subsistence": 0.0
                    },
                    "other": {
                        "total": 801.87,
                        "daily": 0.0,
                        "others_total": 801.87,
                        "others": {
                            "Abono de permanência": 0,
                            "Abono constitucional de 1/3 de férias": 0.0,
                            "Indenização de férias": 0.0,
                            "Antecipação de férias": 0,
                            "Gratificação natalina": 0.0,
                            "Antecipação de gratificação natalina": 801.87,
                            "Substituição": 0,
                            "Gratificação por exercício cumulativo": 0,
                            "Gratificação por encargo Curso/Concurso": 0.0,
                            "Pagamentos retroativos": 0.0,
                            "JETON": 0.0
                        }
                    }
                },
                "discounts": {
                    "total": 0.0,
                    "prev_contribution": 0.0,
                    "ceil_retention": 0.0,
                    "income_tax": 0.0,
                    "others_total": 0.0,
                    "others": {
                        "Descontos Diversos": 0.0
                    }
                }
            },
            "RUI DE ALMEIDA MAGALHÃES": {
                "name": "RUI DE ALMEIDA MAGALHÃES",
                "type": "membro",
                "active": true,
                "income": {
                    "total": 33066.88,
                    "wage": 32074.85,
                    "perks": {
                        "total": 0.0,
                        "food": 0.0,
                        "pre_school": 0,
                        "health": 0.0,
                        "birth_aid": 0.0,
                        "housing_aid": 0.0,
                        "subsistence": 0.0
                    },
                    "other": {
                        "total": 992.03,
                        "daily": 0.0,
                        "others_total": 992.03,
                        "others": {
                            "Abono de permanência": 0,
                            "Abono constitucional de 1/3 de férias": 0.0,
                            "Indenização de férias": 0.0,
                            "Antecipação de férias": 0,
                            "Gratificação natalina": 0.0,
                            "Antecipação de gratificação natalina": 992.03,
                            "Substituição": 0,
                            "Gratificação por exercício cumulativo": 0,
                            "Gratificação por encargo Curso/Concurso": 0.0,
                            "Pagamentos retroativos": 0.0,
                            "JETON": 0.0
                        }
                    }
                },
                "discounts": {
                    "total": 6.0,
                    "prev_contribution": 0.0,
                    "ceil_retention": 0.0,
                    "income_tax": 6.0,
                    "others_total": 0.0,
                    "others": {
                        "Descontos Diversos": 0.0
                    }
                }
            },
            "SANDRA APARECIDA SILVESTRE DE FRIAS TORRES": {
                "name": "SANDRA APARECIDA SILVESTRE DE FRIAS TORRES",
                "type": "membro",
                "active": true,
                "income": {
                    "total": 33638.5,
                    "wage": 32074.85,
                    "perks": {
                        "total": 0.0,
                        "food": 0.0,
                        "pre_school": 0,
                        "health": 0.0,
                        "birth_aid": 0.0,
                        "housing_aid": 0.0,
                        "subsistence": 0.0
                    },
                    "other": {
                        "total": 1563.65,
                        "daily": 0.0,
                        "others_total": 1563.65,
                        "others": {
                            "Abono de permanência": 0,
                            "Abono constitucional de 1/3 de férias": 0.0,
                            "Indenização de férias": 0.0,
                            "Antecipação de férias": 0,
                            "Gratificação natalina": 0.0,
                            "Antecipação de gratificação natalina": 1563.65,
                            "Substituição": 0,
                            "Gratificação por exercício cumulativo": 0,
                            "Gratificação por encargo Curso/Concurso": 0.0,
                            "Pagamentos retroativos": 0.0,
                            "JETON": 0.0
                        }
                    }
                },
                "discounts": {
                    "total": 114.3,
                    "prev_contribution": 0.0,
                    "ceil_retention": 0.0,
                    "income_tax": 114.3,
                    "others_total": 0.0,
                    "others": {
                        "Descontos Diversos": 0.0
                    }
                }
            },
            "SERGIO RICARDO DE SOUZA": {
                "name": "SERGIO RICARDO DE SOUZA",
                "type": "membro",
                "active": true,
                "income": {
                    "total": 54591.95,
                    "wage": 32074.85,
                    "perks": {
                        "total": 18853.45,
                        "food": 0.0,
                        "pre_school": 0,
                        "health": 0.0,
                        "birth_aid": 0.0,
                        "housing_aid": 18853.45,
                        "subsistence": 0.0
                    },
                    "other": {
                        "total": 2613.65,
                        "daily": 1050.0,
                        "others_total": 1563.65,
                        "others": {
                            "Abono de permanência": 0,
                            "Abono constitucional de 1/3 de férias": 0.0,
                            "Indenização de férias": 0.0,
                            "Antecipação de férias": 0,
                            "Gratificação natalina": 0.0,
                            "Antecipação de gratificação natalina": 1563.65,
                            "Substituição": 0,
                            "Gratificação por exercício cumulativo": 0,
                            "Gratificação por encargo Curso/Concurso": 0.0,
                            "Pagamentos retroativos": 0.0,
                            "JETON": 0.0
                        }
                    }
                },
                "discounts": {
                    "total": 114.3,
                    "prev_contribution": 0.0,
                    "ceil_retention": 0.0,
                    "income_tax": 114.3,
                    "others_total": 0.0,
                    "others": {
                        "Descontos Diversos": 0.0
                    }
                }
            },
            "VALDETARIO ANDRADE MONTEIRO": {
                "name": "VALDETARIO ANDRADE MONTEIRO",
                "type": "membro",
                "active": true,
                "income": {
                    "total": 49945.29,
                    "wage": 32074.85,
                    "perks": {
                        "total": 1833.01,
                        "food": 884.0,
                        "pre_school": 0,
                        "health": 949.01,
                        "birth_aid": 0.0,
                        "housing_aid": 0.0,
                        "subsistence": 0.0
                    },
                    "other": {
                        "total": 16037.43,
                        "daily": 0.0,
                        "others_total": 16037.43,
                        "others": {
                            "Abono de permanência": 0,
                            "Abono constitucional de 1/3 de férias": 0.0,
                            "Indenização de férias": 0.0,
                            "Antecipação de férias": 0,
                            "Gratificação natalina": 0.0,
                            "Antecipação de gratificação natalina": 16037.43,
                            "Substituição": 0,
                            "Gratificação por exercício cumulativo": 0,
                            "Gratificação por encargo Curso/Concurso": 0.0,
                            "Pagamentos retroativos": 0.0,
                            "JETON": 0.0
                        }
                    }
                },
                "discounts": {
                    "total": 8401.48,
                    "prev_contribution": 621.04,
                    "ceil_retention": 0.0,
                    "income_tax": 7780.44,
                    "others_total": 0.0,
                    "others": {
                        "Descontos Diversos": 0.0
                    }
                }
            },
            "VALTERCIO RONALDO DE OLIVEIRA": {
                "name": "VALTERCIO RONALDO DE OLIVEIRA",
                "type": "membro",
                "active": true,
                "income": {
                    "total": 41976.72,
                    "wage": 32074.85,
                    "perks": {
                        "total": 0.0,
                        "food": 0.0,
                        "pre_school": 0,
                        "health": 0.0,
                        "birth_aid": 0.0,
                        "housing_aid": 0.0,
                        "subsistence": 0.0
                    },
                    "other": {
                        "total": 5351.87,
                        "daily": 4550.0,
                        "others_total": 801.87,
                        "others": {
                            "Abono de permanência": 0,
                            "Abono constitucional de 1/3 de férias": 0.0,
                            "Indenização de férias": 0.0,
                            "Antecipação de férias": 0,
                            "Gratificação natalina": 0.0,
                            "Antecipação de gratificação natalina": 801.87,
                            "Substituição": 0,
                            "Gratificação por exercício cumulativo": 0,
                            "Gratificação por encargo Curso/Concurso": 0.0,
                            "Pagamentos retroativos": 0.0,
                            "JETON": 0.0
                        }
                    }
                },
                "discounts": {
                    "total": 0.0,
                    "prev_contribution": 0.0,
                    "ceil_retention": 0.0,
                    "income_tax": 0.0,
                    "others_total": 0.0,
                    "others": {
                        "Descontos Diversos": 0.0
                    }
                }
            }
        },
        "timestamp": "2021-03-29T15:31:01-03:00"
    }
}