{"cr": {"aid": "cnj", "month": 1, "year": 2021, "files": [], "crawler": {"id": "cnj", "version": "ec380c3dfeb6636a98177ec17c2de19628669364"}, "employees": {"ADRIANO DA SILVA ARAUJO": {"name": "ADRIANO DA SILVA ARAUJO", "type": "membro", "active": true, "income": {"total": 49090.62, "wage": 37328.65, "perks": {"total": 0.0, "food": 0.0, "pre_school": 0, "health": 0.0, "birth_aid": 0.0, "housing_aid": 0.0, "subsistence": 0.0}, "other": {"total": 7211.97, "daily": 4550.0, "others_total": 2661.97, "others": {"Abono de permanência": 0, "Abono constitucional de 1/3 de férias": 0.0, "Indenização de férias": 0.0, "Antecipação de férias": 0, "Gratificação natalina": 0.0, "Antecipação de gratificação natalina": 2661.97, "Substituição": 0, "Gratificação por exercício cumulativo": 0, "Gratificação por encargo Curso/Concurso": 0.0, "Pagamentos retroativos": 0.0, "JETON": 0.0}}}, "discounts": {"total": 594.72, "prev_contribution": 0.0, "ceil_retention": 0.0, "income_tax": 594.72, "others_total": 0.0, "others": {"Descontos Diversos": 0.0}}}, "ALEXANDRE LIBONATI DE ABREU": {"name": "ALEXANDRE LIBONATI DE ABREU", "type": "membro", "active": true, "income": {"total": 47548.42, "wage": 37328.65, "perks": {"total": 0.0, "food": 0.0, "pre_school": 0, "health": 0.0, "birth_aid": 0.0, "housing_aid": 0.0, "subsistence": 0.0}, "other": {"total": 6019.77, "daily": 4200.0, "others_total": 1819.77, "others": {"Abono de permanência": 0, "Abono constitucional de 1/3 de férias": 0.0, "Indenização de férias": 0.0, "Antecipação de férias": 0, "Gratificação natalina": 0.0, "Antecipação de gratificação natalina": 1819.77, "Substituição": 0, "Gratificação por exercício cumulativo": 0, "Gratificação por encargo Curso/Concurso": 0.0, "Pagamentos retroativos": 0.0, "JETON": 0.0}}}, "discounts": {"total": 191.13, "prev_contribution": 0.0, "ceil_retention": 0.0, "income_tax": 191.13, "others_total": 0.0, "others": {"Descontos Diversos": 0.0}}}, "ANA LUCIA ANDRADE DE AGUIAR": {"name": "ANA LUCIA ANDRADE DE AGUIAR", "type": "membro", "active": true, "income": {"total": 48148.42, "wage": 37328.65, "perks": {"total": 0.0, "food": 0.0, "pre_school": 0, "health": 0.0, "birth_aid": 0.0, "housing_aid": 0.0, "subsistence": 0.0}, "other": {"total": 6319.77, "daily": 4500.0, "others_total": 1819.77, "others": {"Abono de permanência": 0, "Abono constitucional de 1/3 de férias": 0.0, "Indenização de férias": 0.0, "Antecipação de férias": 0, "Gratificação natalina": 0.0, "Antecipação de gratificação natalina": 1819.77, "Substituição": 0, "Gratificação por exercício cumulativo": 0, "Gratificação por encargo Curso/Concurso": 0.0, "Pagamentos retroativos": 0.0, "JETON": 0.0}}}, "discounts": {"total": 191.13, "prev_contribution": 0.0, "ceil_retention": 0.0, "income_tax": 191.13, "others_total": 0.0, "others": {"Descontos Diversos": 0.0}}}, "ANDERSON DE PAIVA GABRIEL": {"name": "ANDERSON DE PAIVA GABRIEL", "type": "membro", "active": true, "income": {"total": 48610.59, "wage": 37328.65, "perks": {"total": 0.0, "food": 0.0, "pre_school": 0, "health": 0.0, "birth_aid": 0.0, "housing_aid": 0.0, "subsistence": 0.0}, "other": {"total": 6731.94, "daily": 4550.0, "others_total": 2181.94, "others": {"Abono de permanência": 0, "Abono constitucional de 1/3 de férias": 0.0, "Indenização de férias": 0.0, "Antecipação de férias": 0, "Gratificação natalina": 0.0, "Antecipação de gratificação natalina": 2181.94, "Substituição": 0, "Gratificação por exercício cumulativo": 0, "Gratificação por encargo Curso/Concurso": 0.0, "Pagamentos retroativos": 0.0, "JETON": 0.0}}}, "discounts": {"total": 345.74, "prev_contribution": 0.0, "ceil_retention": 0.0, "income_tax": 345.74, "others_total": 0.0, "others": {"Descontos Diversos": 0.0}}}, "ANDRE LUIS GUIMARÃES GODINHO": {"name": "ANDRE LUIS GUIMARÃES GODINHO", "type": "membro", "active": true, "income": {"total": 57462.26, "wage": 37328.65, "perks": {"total": 1469.28, "food": 910.08, "pre_school": 0, "health": 559.2, "birth_aid": 0.0, "housing_aid": 0.0, "subsistence": 0.0}, "other": {"total": 18664.33, "daily": 0.0, "others_total": 18664.33, "others": {"Abono de permanência": 0, "Abono constitucional de 1/3 de férias": 0.0, "Indenização de férias": 0.0, "Antecipação de férias": 0, "Gratificação natalina": 0.0, "Antecipação de gratificação natalina": 18664.33, "Substituição": 0, "Gratificação por exercício cumulativo": 0, "Gratificação por encargo Curso/Concurso": 0.0, "Pagamentos retroativos": 0.0, "JETON": 0.0}}}, "discounts": {"total": 9941.21, "prev_contribution": 751.99, "ceil_retention": 0.0, "income_tax": 9189.22, "others_total": 0.0, "others": {"Descontos Diversos": 0.0}}}, "ANTONIO CARLOS DE CASTRO NEVES TAVARES": {"name": "ANTONIO CARLOS DE CASTRO NEVES TAVARES", "type": "membro", "active": true, "income": {"total": 50730.78, "wage": 37328.65, "perks": {"total": 0.0, "food": 0.0, "pre_school": 0, "health": 0.0, "birth_aid": 0.0, "housing_aid": 0.0, "subsistence": 0.0}, "other": {"total": 8852.13, "daily": 4550.0, "others_total": 4302.13, "others": {"Abono de permanência": 0, "Abono constitucional de 1/3 de férias": 0.0, "Indenização de férias": 0.0, "Antecipação de férias": 0, "Gratificação natalina": 0.0, "Antecipação de gratificação natalina": 4302.13, "Substituição": 0, "Gratificação por exercício cumulativo": 0, "Gratificação por encargo Curso/Concurso": 0.0, "Pagamentos retroativos": 0.0, "JETON": 0.0}}}, "discounts": {"total": 1496.81, "prev_contribution": 0.0, "ceil_retention": 0.0, "income_tax": 1496.81, "others_total": 0.0, "others": {"Descontos Diversos": 0.0}}}, "CANDICE LAVOCAT GALVÃO JOBIM": {"name": "CANDICE LAVOCAT GALVÃO JOBIM", "type": "membro", "active": true, "income": {"total": 39148.42, "wage": 37328.65, "perks": {"total": 0.0, "food": 0.0, "pre_school": 0, "health": 0.0, "birth_aid": 0.0, "housing_aid": 0.0, "subsistence": 0.0}, "other": {"total": 1819.77, "daily": 0.0, "others_total": 1819.77, "others": {"Abono de permanência": 0, "Abono constitucional de 1/3 de férias": 0.0, "Indenização de férias": 0.0, "Antecipação de férias": 0, "Gratificação natalina": 0.0, "Antecipação de gratificação natalina": 1819.77, "Substituição": 0, "Gratificação por exercício cumulativo": 0, "Gratificação por encargo Curso/Concurso": 0.0, "Pagamentos retroativos": 0.0, "JETON": 0.0}}}, "discounts": {"total": 191.13, "prev_contribution": 0.0, "ceil_retention": 0.0, "income_tax": 191.13, "others_total": 0.0, "others": {"Descontos Diversos": 0.0}}}, "CARL OLAV SMITH": {"name": "CARL OLAV SMITH", "type": "membro", "active": true, "income": {"total": 73514.2, "wage": 48153.95, "perks": {"total": 3241.26, "food": 0.0, "pre_school": 0, "health": 3241.26, "birth_aid": 0.0, "housing_aid": 0.0, "subsistence": 0.0}, "other": {"total": 15118.99, "daily": 7000.0, "others_total": 8118.99, "others": {"Abono de permanência": 0, "Abono constitucional de 1/3 de férias": 0.0, "Indenização de férias": 0.0, "Antecipação de férias": 0, "Gratificação natalina": 0.0, "Antecipação de gratificação natalina": 8118.99, "Substituição": 0, "Gratificação por exercício cumulativo": 0, "Gratificação por encargo Curso/Concurso": 0.0, "Pagamentos retroativos": 0.0, "JETON": 0.0}}}, "discounts": {"total": 1857.36, "prev_contribution": 0.0, "ceil_retention": 0.0, "income_tax": 1857.36, "others_total": 0.0, "others": {"Descontos Diversos": 0.0}}}, "CARLOS GUSTAVO VIANNA DIREITO": {"name": "CARLOS GUSTAVO VIANNA DIREITO", "type": "membro", "active": true, "income": {"total": 45448.42, "wage": 37328.65, "perks": {"total": 0.0, "food": 0.0, "pre_school": 0, "health": 0.0, "birth_aid": 0.0, "housing_aid": 0.0, "subsistence": 0.0}, "other": {"total": 4969.77, "daily": 3150.0, "others_total": 1819.77, "others": {"Abono de permanência": 0, "Abono constitucional de 1/3 de férias": 0.0, "Indenização de férias": 0.0, "Antecipação de férias": 0, "Gratificação natalina": 0.0, "Antecipação de gratificação natalina": 1819.77, "Substituição": 0, "Gratificação por exercício cumulativo": 0, "Gratificação por encargo Curso/Concurso": 0.0, "Pagamentos retroativos": 0.0, "JETON": 0.0}}}, "discounts": {"total": 191.13, "prev_contribution": 0.0, "ceil_retention": 0.0, "income_tax": 191.13, "others_total": 0.0, "others": {"Descontos Diversos": 0.0}}}, "CARLOS VIEIRA VON ADAMEK": {"name": "CARLOS VIEIRA VON ADAMEK", "type": "membro", "active": true, "income": {"total": 53985.6, "wage": 37328.65, "perks": {"total": 2026.86, "food": 0.0, "pre_school": 0, "health": 2026.86, "birth_aid": 0.0, "housing_aid": 0.0, "subsistence": 0.0}, "other": {"total": 7630.09, "daily": 7000.0, "others_total": 630.09, "others": {"Abono de permanência": 0, "Abono constitucional de 1/3 de férias": 0.0, "Indenização de férias": 0.0, "Antecipação de férias": 0, "Gratificação natalina": 0.0, "Antecipação de gratificação natalina": 630.09, "Substituição": 0, "Gratificação por exercício cumulativo": 0, "Gratificação por encargo Curso/Concurso": 0.0, "Pagamentos retroativos": 0.0, "JETON": 0.0}}}, "discounts": {"total": 0.0, "prev_contribution": 0.0, "ceil_retention": 0.0, "income_tax": 0.0, "others_total": 0.0, "others": {"Descontos Diversos": 0.0}}}, "DANIEL MARCHIONATTI BARBOSA": {"name": "DANIEL MARCHIONATTI BARBOSA", "type": "membro", "active": true, "income": {"total": 58607.73, "wage": 40968.19, "perks": {"total": 0.0, "food": 0.0, "pre_school": 0, "health": 0.0, "birth_aid": 0.0, "housing_aid": 0.0, "subsistence": 0.0}, "other": {"total": 10639.54, "daily": 7000.0, "others_total": 3639.54, "others": {"Abono de permanência": 0, "Abono constitucional de 1/3 de férias": 0.0, "Indenização de férias": 0.0, "Antecipação de férias": 0, "Gratificação natalina": 0.0, "Antecipação de gratificação natalina": 3639.54, "Substituição": 0, "Gratificação por exercício cumulativo": 0, "Gratificação por encargo Curso/Concurso": 0.0, "Pagamentos retroativos": 0.0, "JETON": 0.0}}}, "discounts": {"total": 289.46, "prev_contribution": 0.0, "ceil_retention": 0.0, "income_tax": 289.46, "others_total": 0.0, "others": {"Descontos Diversos": 0.0}}}, "DAYSE STARLING MOTTA": {"name": "DAYSE STARLING MOTTA", "type": "membro", "active": true, "income": {"total": 48248.42, "wage": 37328.65, "perks": {"total": 0.0, "food": 0.0, "pre_school": 0, "health": 0.0, "birth_aid": 0.0, "housing_aid": 0.0, "subsistence": 0.0}, "other": {"total": 6369.77, "daily": 4550.0, "others_total": 1819.77, "others": {"Abono de permanência": 0, "Abono constitucional de 1/3 de férias": 0.0, "Indenização de férias": 0.0, "Antecipação de férias": 0, "Gratificação natalina": 0.0, "Antecipação de gratificação natalina": 1819.77, "Substituição": 0, "Gratificação por exercício cumulativo": 0, "Gratificação por encargo Curso/Concurso": 0.0, "Pagamentos retroativos": 0.0, "JETON": 0.0}}}, "discounts": {"total": 191.13, "prev_contribution": 0.0, "ceil_retention": 0.0, "income_tax": 191.13, "others_total": 0.0, "others": {"Descontos Diversos": 0.0}}}, "DÉBORA HERINGER MEGIORIN": {"name": "DÉBORA HERINGER MEGIORIN", "type": "membro", "active": true, "income": {"total": 38273.35, "wage": 38273.35, "perks": {"total": 0.0, "food": 0.0, "pre_school": 0, "health": 0.0, "birth_aid": 0.0, "housing_aid": 0.0, "subsistence": 0.0}, "other": {"total": 0.0, "daily": 0.0, "others_total": 0.0, "others": {"Abono de permanência": 0, "Abono constitucional de 1/3 de férias": 0.0, "Indenização de férias": 0.0, "Antecipação de férias": 0, "Gratificação natalina": 0.0, "Antecipação de gratificação natalina": 0.0, "Substituição": 0, "Gratificação por exercício cumulativo": 0, "Gratificação por encargo Curso/Concurso": 0.0, "Pagamentos retroativos": 0.0, "JETON": 0.0}}}, "discounts": {"total": 0.0, "prev_contribution": 0.0, "ceil_retention": 0.0, "income_tax": 0.0, "others_total": 0.0, "others": {"Descontos Diversos": 0.0}}}, "DOROTHEO BARBOSA NETO": {"name": "DOROTHEO BARBOSA NETO", "type": "membro", "active": true, "income": {"total": 48248.42, "wage": 37328.65, "perks": {"total": 0.0, "food": 0.0, "pre_school": 0, "health": 0.0, "birth_aid": 0.0, "housing_aid": 0.0, "subsistence": 0.0}, "other": {"total": 6369.77, "daily": 4550.0, "others_total": 1819.77, "others": {"Abono de permanência": 0, "Abono constitucional de 1/3 de férias": 0.0, "Indenização de férias": 0.0, "Antecipação de férias": 0, "Gratificação natalina": 0.0, "Antecipação de gratificação natalina": 1819.77, "Substituição": 0, "Gratificação por exercício cumulativo": 0, "Gratificação por encargo Curso/Concurso": 0.0, "Pagamentos retroativos": 0.0, "JETON": 0.0}}}, "discounts": {"total": 191.13, "prev_contribution": 0.0, "ceil_retention": 0.0, "income_tax": 191.13, "others_total": 0.0, "others": {"Descontos Diversos": 0.0}}}, "EMMANOEL PEREIRA": {"name": "EMMANOEL PEREIRA", "type": "membro", "active": true, "income": {"total": 37328.65, "wage": 37328.65, "perks": {"total": 0.0, "food": 0.0, "pre_school": 0, "health": 0.0, "birth_aid": 0.0, "housing_aid": 0.0, "subsistence": 0.0}, "other": {"total": 0.0, "daily": 0.0, "others_total": 0.0, "others": {"Abono de permanência": 0, "Abono constitucional de 1/3 de férias": 0.0, "Indenização de férias": 0.0, "Antecipação de férias": 0, "Gratificação natalina": 0.0, "Antecipação de gratificação natalina": 0.0, "Substituição": 0, "Gratificação por exercício cumulativo": 0, "Gratificação por encargo Curso/Concurso": 0.0, "Pagamentos retroativos": 0.0, "JETON": 0.0}}}, "discounts": {"total": 0.0, "prev_contribution": 0.0, "ceil_retention": 0.0, "income_tax": 0.0, "others_total": 0.0, "others": {"Descontos Diversos": 0.0}}}, "EVALDO DE OLIVEIRA FERNANDES, FILHO": {"name": "EVALDO DE OLIVEIRA FERNANDES, FILHO", "type": "membro", "active": true, "income": {"total": 44607.73, "wage": 40968.19, "perks": {"total": 0.0, "food": 0.0, "pre_school": 0, "health": 0.0, "birth_aid": 0.0, "housing_aid": 0.0, "subsistence": 0.0}, "other": {"total": 3639.54, "daily": 0.0, "others_total": 3639.54, "others": {"Abono de permanência": 0, "Abono constitucional de 1/3 de férias": 0.0, "Indenização de férias": 0.0, "Antecipação de férias": 0, "Gratificação natalina": 0.0, "Antecipação de gratificação natalina": 3639.54, "Substituição": 0, "Gratificação por exercício cumulativo": 0, "Gratificação por encargo Curso/Concurso": 0.0, "Pagamentos retroativos": 0.0, "JETON": 0.0}}}, "discounts": {"total": 382.26, "prev_contribution": 0.0, "ceil_retention": 0.0, "income_tax": 382.26, "others_total": 0.0, "others": {"Descontos Diversos": 0.0}}}, "FABIO RIBEIRO PORTO": {"name": "FABIO RIBEIRO PORTO", "type": "membro", "active": true, "income": {"total": 66194.0, "wage": 59194.0, "perks": {"total": 0.0, "food": 0.0, "pre_school": 0, "health": 0.0, "birth_aid": 0.0, "housing_aid": 0.0, "subsistence": 0.0}, "other": {"total": 3500.0, "daily": 3500.0, "others_total": 0.0, "others": {"Abono de permanência": 0, "Abono constitucional de 1/3 de férias": 0.0, "Indenização de férias": 0.0, "Antecipação de férias": 0, "Gratificação natalina": 0.0, "Antecipação de gratificação natalina": 0.0, "Substituição": 0, "Gratificação por exercício cumulativo": 0, "Gratificação por encargo Curso/Concurso": 0.0, "Pagamentos retroativos": 0.0, "JETON": 0.0}}}, "discounts": {"total": 0.0, "prev_contribution": 0.0, "ceil_retention": 0.0, "income_tax": 0.0, "others_total": 0.0, "others": {"Descontos Diversos": 0.0}}}, "FERNANDO PESSÔA DA SILVEIRA MELLO": {"name": "FERNANDO PESSÔA DA SILVEIRA MELLO", "type": "membro", "active": true, "income": {"total": 48248.42, "wage": 37328.65, "perks": {"total": 0.0, "food": 0.0, "pre_school": 0, "health": 0.0, "birth_aid": 0.0, "housing_aid": 0.0, "subsistence": 0.0}, "other": {"total": 6369.77, "daily": 4550.0, "others_total": 1819.77, "others": {"Abono de permanência": 0, "Abono constitucional de 1/3 de férias": 0.0, "Indenização de férias": 0.0, "Antecipação de férias": 0, "Gratificação natalina": 0.0, "Antecipação de gratificação natalina": 1819.77, "Substituição": 0, "Gratificação por exercício cumulativo": 0, "Gratificação por encargo Curso/Concurso": 0.0, "Pagamentos retroativos": 0.0, "JETON": 0.0}}}, "discounts": {"total": 825.7, "prev_contribution": 0.0, "ceil_retention": 0.0, "income_tax": 825.7, "others_total": 0.0, "others": {"Descontos Diversos": 0.0}}}, "FLAVIA MOREIRA GUIMARAES PESSOA": {"name": "FLAVIA MOREIRA GUIMARAES PESSOA", "type": "membro", "active": true, "income": {"total": 43307.27, "wage": 37328.65, "perks": {"total": 4158.85, "food": 0.0, "pre_school": 0, "health": 0.0, "birth_aid": 0.0, "housing_aid": 4158.85, "subsistence": 0.0}, "other": {"total": 1819.77, "daily": 0.0, "others_total": 1819.77, "others": {"Abono de permanência": 0, "Abono constitucional de 1/3 de férias": 0.0, "Indenização de férias": 0.0, "Antecipação de férias": 0, "Gratificação natalina": 0.0, "Antecipação de gratificação natalina": 1819.77, "Substituição": 0, "Gratificação por exercício cumulativo": 0, "Gratificação por encargo Curso/Concurso": 0.0, "Pagamentos retroativos": 0.0, "JETON": 0.0}}}, "discounts": {"total": 191.13, "prev_contribution": 0.0, "ceil_retention": 0.0, "income_tax": 191.13, "others_total": 0.0, "others": {"Descontos Diversos": 0.0}}}, "GABRIEL DA SILVEIRA MATOS": {"name": "GABRIEL DA SILVEIRA MATOS", "type": "membro", "active": true, "income": {"total": 51190.65, "wage": 37328.65, "perks": {"total": 0.0, "food": 0.0, "pre_school": 0, "health": 0.0, "birth_aid": 0.0, "housing_aid": 0.0, "subsistence": 0.0}, "other": {"total": 8262.0, "daily": 5600.0, "others_total": 2662.0, "others": {"Abono de permanência": 0, "Abono constitucional de 1/3 de férias": 0.0, "Indenização de férias": 0.0, "Antecipação de férias": 0, "Gratificação natalina": 0.0, "Antecipação de gratificação natalina": 2662.0, "Substituição": 0, "Gratificação por exercício cumulativo": 0, "Gratificação por encargo Curso/Concurso": 0.0, "Pagamentos retroativos": 0.0, "JETON": 0.0}}}, "discounts": {"total": 594.74, "prev_contribution": 0.0, "ceil_retention": 0.0, "income_tax": 594.74, "others_total": 0.0, "others": {"Descontos Diversos": 0.0}}}, "GUSTAVO PONTES MAZZOCCHI": {"name": "GUSTAVO PONTES MAZZOCCHI", "type": "membro", "active": true, "income": {"total": 53990.65, "wage": 37328.65, "perks": {"total": 0.0, "food": 0.0, "pre_school": 0, "health": 0.0, "birth_aid": 0.0, "housing_aid": 0.0, "subsistence": 0.0}, "other": {"total": 9662.0, "daily": 7000.0, "others_total": 2662.0, "others": {"Abono de permanência": 0, "Abono constitucional de 1/3 de férias": 0.0, "Indenização de férias": 0.0, "Antecipação de férias": 0, "Gratificação natalina": 0.0, "Antecipação de gratificação natalina": 2662.0, "Substituição": 0, "Gratificação por exercício cumulativo": 0, "Gratificação por encargo Curso/Concurso": 0.0, "Pagamentos retroativos": 0.0, "JETON": 0.0}}}, "discounts": {"total": 594.74, "prev_contribution": 0.0, "ceil_retention": 0.0, "income_tax": 594.74, "others_total": 0.0, "others": {"Descontos Diversos": 0.0}}}, "HENRIQUE DE ALMEIDA AVILA": {"name": "HENRIQUE DE ALMEIDA AVILA", "type": "membro", "active": true, "income": {"total": 38238.73, "wage": 37328.65, "perks": {"total": 910.08, "food": 910.08, "pre_school": 0, "health": 0.0, "birth_aid": 0.0, "housing_aid": 0.0, "subsistence": 0.0}, "other": {"total": 0.0, "daily": 0.0, "others_total": 0.0, "others": {"Abono de permanência": 0, "Abono constitucional de 1/3 de férias": 0.0, "Indenização de férias": 0.0, "Antecipação de férias": 0, "Gratificação natalina": 0.0, "Antecipação de gratificação natalina": 0.0, "Substituição": 0, "Gratificação por exercício cumulativo": 0, "Gratificação por encargo Curso/Concurso": 0.0, "Pagamentos retroativos": 0.0, "JETON": 0.0}}}, "discounts": {"total": 9941.21, "prev_contribution": 751.99, "ceil_retention": 0.0, "income_tax": 9189.22, "others_total": 0.0, "others": {"Descontos Diversos": 0.0}}}, "IVANA FARINA NAVARRETE PENA": {"name": "IVANA FARINA NAVARRETE PENA", "type": "membro", "active": true, "income": {"total": 61965.91, "wage": 55883.1, "perks": {"total": 1882.81, "food": 910.08, "pre_school": 0, "health": 972.73, "birth_aid": 0.0, "housing_aid": 0.0, "subsistence": 0.0}, "other": {"total": 2100.0, "daily": 2100.0, "others_total": 0.0, "others": {"Abono de permanência": 0, "Abono constitucional de 1/3 de férias": 0.0, "Indenização de férias": 0.0, "Antecipação de férias": 0, "Gratificação natalina": 0.0, "Antecipação de gratificação natalina": 0.0, "Substituição": 0, "Gratificação por exercício cumulativo": 0, "Gratificação por encargo Curso/Concurso": 0.0, "Pagamentos retroativos": 0.0, "JETON": 0.0}}}, "discounts": {"total": 0.0, "prev_contribution": 0.0, "ceil_retention": 0.0, "income_tax": 0.0, "others_total": 0.0, "others": {"Descontos Diversos": 0.0}}}, "JOÃO MOREIRA PESSOA DE AZAMBUJA": {"name": "JOÃO MOREIRA PESSOA DE AZAMBUJA", "type": "membro", "active": true, "income": {"total": 49551.87, "wage": 37328.65, "perks": {"total": 461.22, "food": 0.0, "pre_school": 0, "health": 461.22, "birth_aid": 0.0, "housing_aid": 0.0, "subsistence": 0.0}, "other": {"total": 7212.0, "daily": 4550.0, "others_total": 2662.0, "others": {"Abono de permanência": 0, "Abono constitucional de 1/3 de férias": 0.0, "Indenização de férias": 0.0, "Antecipação de férias": 0, "Gratificação natalina": 0.0, "Antecipação de gratificação natalina": 2662.0, "Substituição": 0, "Gratificação por exercício cumulativo": 0, "Gratificação por encargo Curso/Concurso": 0.0, "Pagamentos retroativos": 0.0, "JETON": 0.0}}}, "discounts": {"total": 594.74, "prev_contribution": 0.0, "ceil_retention": 0.0, "income_tax": 594.74, "others_total": 0.0, "others": {"Descontos Diversos": 0.0}}}, "KEITY MARA FERREIRA DE SOUZA E SABOYA": {"name": "KEITY MARA FERREIRA DE SOUZA E SABOYA", "type": "membro", "active": true, "income": {"total": 49461.56, "wage": 37328.65, "perks": {"total": 0.0, "food": 0.0, "pre_school": 0, "health": 0.0, "birth_aid": 0.0, "housing_aid": 0.0, "subsistence": 0.0}, "other": {"total": 7582.91, "daily": 4550.0, "others_total": 3032.91, "others": {"Abono de permanência": 0, "Abono constitucional de 1/3 de férias": 0.0, "Indenização de férias": 0.0, "Antecipação de férias": 0, "Gratificação natalina": 0.0, "Antecipação de gratificação natalina": 1819.75, "Substituição": 0, "Gratificação por exercício cumulativo": 0, "Gratificação por encargo Curso/Concurso": 0.0, "Pagamentos retroativos": 1213.16, "JETON": 0.0}}}, "discounts": {"total": 1334.48, "prev_contribution": 0.0, "ceil_retention": 0.0, "income_tax": 1334.48, "others_total": 0.0, "others": {"Descontos Diversos": 0.0}}}, "LÍVIA CRISTINA MARQUES PERES": {"name": "LÍVIA CRISTINA MARQUES PERES", "type": "membro", "active": true, "income": {"total": 48248.42, "wage": 37328.65, "perks": {"total": 0.0, "food": 0.0, "pre_school": 0, "health": 0.0, "birth_aid": 0.0, "housing_aid": 0.0, "subsistence": 0.0}, "other": {"total": 6369.77, "daily": 4550.0, "others_total": 1819.77, "others": {"Abono de permanência": 0, "Abono constitucional de 1/3 de férias": 0.0, "Indenização de férias": 0.0, "Antecipação de férias": 0, "Gratificação natalina": 0.0, "Antecipação de gratificação natalina": 1819.77, "Substituição": 0, "Gratificação por exercício cumulativo": 0, "Gratificação por encargo Curso/Concurso": 0.0, "Pagamentos retroativos": 0.0, "JETON": 0.0}}}, "discounts": {"total": 191.13, "prev_contribution": 0.0, "ceil_retention": 0.0, "income_tax": 191.13, "others_total": 0.0, "others": {"Descontos Diversos": 0.0}}}, "LUÍS GERALDO SANT'ANA LANFREDI": {"name": "LUÍS GERALDO SANT'ANA LANFREDI", "type": "membro", "active": true, "income": {"total": 48248.42, "wage": 37328.65, "perks": {"total": 0.0, "food": 0.0, "pre_school": 0, "health": 0.0, "birth_aid": 0.0, "housing_aid": 0.0, "subsistence": 0.0}, "other": {"total": 6369.77, "daily": 4550.0, "others_total": 1819.77, "others": {"Abono de permanência": 0, "Abono constitucional de 1/3 de férias": 0.0, "Indenização de férias": 0.0, "Antecipação de férias": 0, "Gratificação natalina": 0.0, "Antecipação de gratificação natalina": 1819.77, "Substituição": 0, "Gratificação por exercício cumulativo": 0, "Gratificação por encargo Curso/Concurso": 0.0, "Pagamentos retroativos": 0.0, "JETON": 0.0}}}, "discounts": {"total": 191.13, "prev_contribution": 0.0, "ceil_retention": 0.0, "income_tax": 191.13, "others_total": 0.0, "others": {"Descontos Diversos": 0.0}}}, "LUIZ AUGUSTO BARRICHELLO NETO": {"name": "LUIZ AUGUSTO BARRICHELLO NETO", "type": "membro", "active": true, "income": {"total": 58607.73, "wage": 40968.19, "perks": {"total": 0.0, "food": 0.0, "pre_school": 0, "health": 0.0, "birth_aid": 0.0, "housing_aid": 0.0, "subsistence": 0.0}, "other": {"total": 10639.54, "daily": 7000.0, "others_total": 3639.54, "others": {"Abono de permanência": 0, "Abono constitucional de 1/3 de férias": 0.0, "Indenização de férias": 0.0, "Antecipação de férias": 0, "Gratificação natalina": 0.0, "Antecipação de gratificação natalina": 3639.54, "Substituição": 0, "Gratificação por exercício cumulativo": 0, "Gratificação por encargo Curso/Concurso": 0.0, "Pagamentos retroativos": 0.0, "JETON": 0.0}}}, "discounts": {"total": 382.26, "prev_contribution": 0.0, "ceil_retention": 0.0, "income_tax": 382.26, "others_total": 0.0, "others": {"Descontos Diversos": 0.0}}}, "LUIZ FERNANDO TOMASI KEPPEN": {"name": "LUIZ FERNANDO TOMASI KEPPEN", "type": "membro", "active": true, "income": {"total": 39363.06, "wage": 39363.06, "perks": {"total": 0.0, "food": 0.0, "pre_school": 0, "health": 0.0, "birth_aid": 0.0, "housing_aid": 0.0, "subsistence": 0.0}, "other": {"total": 0.0, "daily": 0.0, "others_total": 0.0, "others": {"Abono de permanência": 0, "Abono constitucional de 1/3 de férias": 0.0, "Indenização de férias": 0.0, "Antecipação de férias": 0, "Gratificação natalina": 0.0, "Antecipação de gratificação natalina": 0.0, "Substituição": 0, "Gratificação por exercício cumulativo": 0, "Gratificação por encargo Curso/Concurso": 0.0, "Pagamentos retroativos": 0.0, "JETON": 0.0}}}, "discounts": {"total": 0.0, "prev_contribution": 0.0, "ceil_retention": 0.0, "income_tax": 0.0, "others_total": 0.0, "others": {"Descontos Diversos": 0.0}}}, "LUIZ FUX": {"name": "LUIZ FUX", "type": "membro", "active": true, "income": {"total": 39200.0, "wage": 39200.0, "perks": {"total": 0.0, "food": 0.0, "pre_school": 0, "health": 0.0, "birth_aid": 0.0, "housing_aid": 0.0, "subsistence": 0.0}, "other": {"total": 0.0, "daily": 0.0, "others_total": 0.0, "others": {"Abono de permanência": 0, "Abono constitucional de 1/3 de férias": 0.0, "Indenização de férias": 0.0, "Antecipação de férias": 0, "Gratificação natalina": 0.0, "Antecipação de gratificação natalina": 0.0, "Substituição": 0, "Gratificação por exercício cumulativo": 0, "Gratificação por encargo Curso/Concurso": 0.0, "Pagamentos retroativos": 0.0, "JETON": 0.0}}}, "discounts": {"total": 0.0, "prev_contribution": 0.0, "ceil_retention": 0.0, "income_tax": 0.0, "others_total": 0.0, "others": {"Descontos Diversos": 0.0}}}, "MARCELO MARTINS BERTHE": {"name": "MARCELO MARTINS BERTHE", "type": "membro", "active": true, "income": {"total": 51526.5, "wage": 37328.65, "perks": {"total": 0.0, "food": 0.0, "pre_school": 0, "health": 0.0, "birth_aid": 0.0, "housing_aid": 0.0, "subsistence": 0.0}, "other": {"total": 7197.85, "daily": 7000.0, "others_total": 197.85, "others": {"Abono de permanência": 0, "Abono constitucional de 1/3 de férias": 0.0, "Indenização de férias": 0.0, "Antecipação de férias": 0, "Gratificação natalina": 0.0, "Antecipação de gratificação natalina": 197.85, "Substituição": 0, "Gratificação por exercício cumulativo": 0, "Gratificação por encargo Curso/Concurso": 0.0, "Pagamentos retroativos": 0.0, "JETON": 0.0}}}, "discounts": {"total": 0.0, "prev_contribution": 0.0, "ceil_retention": 0.0, "income_tax": 0.0, "others_total": 0.0, "others": {"Descontos Diversos": 0.0}}}, "MARCOS VINÍCIUS JARDIM RODRIGUES": {"name": "MARCOS VINÍCIUS JARDIM RODRIGUES", "type": "membro", "active": true, "income": {"total": 56903.06, "wage": 37328.65, "perks": {"total": 910.08, "food": 910.08, "pre_school": 0, "health": 0.0, "birth_aid": 0.0, "housing_aid": 0.0, "subsistence": 0.0}, "other": {"total": 18664.33, "daily": 0.0, "others_total": 18664.33, "others": {"Abono de permanência": 0, "Abono constitucional de 1/3 de férias": 0.0, "Indenização de férias": 0.0, "Antecipação de férias": 0, "Gratificação natalina": 0.0, "Antecipação de gratificação natalina": 18664.33, "Substituição": 0, "Gratificação por exercício cumulativo": 0, "Gratificação por encargo Curso/Concurso": 0.0, "Pagamentos retroativos": 0.0, "JETON": 0.0}}}, "discounts": {"total": 9941.21, "prev_contribution": 751.99, "ceil_retention": 0.0, "income_tax": 9189.22, "others_total": 0.0, "others": {"Descontos Diversos": 0.0}}}, "MARCUS LIVIO GOMES": {"name": "MARCUS LIVIO GOMES", "type": "membro", "active": true, "income": {"total": 54609.84, "wage": 45509.84, "perks": {"total": 0.0, "food": 0.0, "pre_school": 0, "health": 0.0, "birth_aid": 0.0, "housing_aid": 0.0, "subsistence": 0.0}, "other": {"total": 4550.0, "daily": 4550.0, "others_total": 0.0, "others": {"Abono de permanência": 0, "Abono constitucional de 1/3 de férias": 0.0, "Indenização de férias": 0.0, "Antecipação de férias": 0, "Gratificação natalina": 0.0, "Antecipação de gratificação natalina": 0.0, "Substituição": 0, "Gratificação por exercício cumulativo": 0, "Gratificação por encargo Curso/Concurso": 0.0, "Pagamentos retroativos": 0.0, "JETON": 0.0}}}, "discounts": {"total": 0.0, "prev_contribution": 0.0, "ceil_retention": 0.0, "income_tax": 0.0, "others_total": 0.0, "others": {"Descontos Diversos": 0.0}}}, "MARIA PAULA CASSONE ROSSI": {"name": "MARIA PAULA CASSONE ROSSI", "type": "membro", "active": true, "income": {"total": 39148.43, "wage": 37328.65, "perks": {"total": 0.0, "food": 0.0, "pre_school": 0, "health": 0.0, "birth_aid": 0.0, "housing_aid": 0.0, "subsistence": 0.0}, "other": {"total": 1819.78, "daily": 0.0, "others_total": 1819.78, "others": {"Abono de permanência": 0, "Abono constitucional de 1/3 de férias": 0.0, "Indenização de férias": 0.0, "Antecipação de férias": 0, "Gratificação natalina": 0.0, "Antecipação de gratificação natalina": 1819.78, "Substituição": 0, "Gratificação por exercício cumulativo": 0, "Gratificação por encargo Curso/Concurso": 0.0, "Pagamentos retroativos": 0.0, "JETON": 0.0}}}, "discounts": {"total": 191.13, "prev_contribution": 0.0, "ceil_retention": 0.0, "income_tax": 191.13, "others_total": 0.0, "others": {"Descontos Diversos": 0.0}}}, "MARIA TEREZA UILLE GOMES": {"name": "MARIA TEREZA UILLE GOMES", "type": "membro", "active": true, "income": {"total": 39171.95, "wage": 37328.65, "perks": {"total": 910.08, "food": 910.08, "pre_school": 0, "health": 0.0, "birth_aid": 0.0, "housing_aid": 0.0, "subsistence": 0.0}, "other": {"total": 933.22, "daily": 0.0, "others_total": 933.22, "others": {"Abono de permanência": 0, "Abono constitucional de 1/3 de férias": 0.0, "Indenização de férias": 0.0, "Antecipação de férias": 0, "Gratificação natalina": 0.0, "Antecipação de gratificação natalina": 933.22, "Substituição": 0, "Gratificação por exercício cumulativo": 0, "Gratificação por encargo Curso/Concurso": 0.0, "Pagamentos retroativos": 0.0, "JETON": 0.0}}}, "discounts": {"total": 151.47, "prev_contribution": 151.47, "ceil_retention": 0.0, "income_tax": 0.0, "others_total": 0.0, "others": {"Descontos Diversos": 0.0}}}, "MARIA THEREZA ROCHA DE ASSIS MOURA": {"name": "MARIA THEREZA ROCHA DE ASSIS MOURA", "type": "membro", "active": true, "income": {"total": 37328.65, "wage": 37328.65, "perks": {"total": 0.0, "food": 0.0, "pre_school": 0, "health": 0.0, "birth_aid": 0.0, "housing_aid": 0.0, "subsistence": 0.0}, "other": {"total": 0.0, "daily": 0.0, "others_total": 0.0, "others": {"Abono de permanência": 0, "Abono constitucional de 1/3 de férias": 0.0, "Indenização de férias": 0.0, "Antecipação de férias": 0, "Gratificação natalina": 0.0, "Antecipação de gratificação natalina": 0.0, "Substituição": 0, "Gratificação por exercício cumulativo": 0, "Gratificação por encargo Curso/Concurso": 0.0, "Pagamentos retroativos": 0.0, "JETON": 0.0}}}, "discounts": {"total": 0.0, "prev_contribution": 0.0, "ceil_retention": 0.0, "income_tax": 0.0, "others_total": 0.0, "others": {"Descontos Diversos": 0.0}}}, "MÁRIO AUGUSTO FIGUEIREDO DE LACERDA GUERREIRO": {"name": "MÁRIO AUGUSTO FIGUEIREDO DE LACERDA GUERREIRO", "type": "membro", "active": true, "income": {"total": 42134.98, "wage": 37328.65, "perks": {"total": 0.0, "food": 0.0, "pre_school": 0, "health": 0.0, "birth_aid": 0.0, "housing_aid": 0.0, "subsistence": 0.0}, "other": {"total": 3756.33, "daily": 1050.0, "others_total": 2706.33, "others": {"Abono de permanência": 0, "Abono constitucional de 1/3 de férias": 0.0, "Indenização de férias": 0.0, "Antecipação de férias": 0, "Gratificação natalina": 0.0, "Antecipação de gratificação natalina": 2706.33, "Substituição": 0, "Gratificação por exercício cumulativo": 0, "Gratificação por encargo Curso/Concurso": 0.0, "Pagamentos retroativos": 0.0, "JETON": 0.0}}}, "discounts": {"total": 619.12, "prev_contribution": 0.0, "ceil_retention": 0.0, "income_tax": 619.12, "others_total": 0.0, "others": {"Descontos Diversos": 0.0}}}, "OSAIR VICTOR DE OLIVEIRA JUNIOR": {"name": "OSAIR VICTOR DE OLIVEIRA JUNIOR", "type": "membro", "active": true, "income": {"total": 48248.42, "wage": 37328.65, "perks": {"total": 0.0, "food": 0.0, "pre_school": 0, "health": 0.0, "birth_aid": 0.0, "housing_aid": 0.0, "subsistence": 0.0}, "other": {"total": 6369.77, "daily": 4550.0, "others_total": 1819.77, "others": {"Abono de permanência": 0, "Abono constitucional de 1/3 de férias": 0.0, "Indenização de férias": 0.0, "Antecipação de férias": 0, "Gratificação natalina": 0.0, "Antecipação de gratificação natalina": 1819.77, "Substituição": 0, "Gratificação por exercício cumulativo": 0, "Gratificação por encargo Curso/Concurso": 0.0, "Pagamentos retroativos": 0.0, "JETON": 0.0}}}, "discounts": {"total": 49.39, "prev_contribution": 0.0, "ceil_retention": 0.0, "income_tax": 49.39, "others_total": 0.0, "others": {"Descontos Diversos": 0.0}}}, "RAFAEL LEITE PAULO": {"name": "RAFAEL LEITE PAULO", "type": "membro", "active": true, "income": {"total": 48248.42, "wage": 37328.65, "perks": {"total": 0.0, "food": 0.0, "pre_school": 0, "health": 0.0, "birth_aid": 0.0, "housing_aid": 0.0, "subsistence": 0.0}, "other": {"total": 6369.77, "daily": 4550.0, "others_total": 1819.77, "others": {"Abono de permanência": 0, "Abono constitucional de 1/3 de férias": 0.0, "Indenização de férias": 0.0, "Antecipação de férias": 0, "Gratificação natalina": 0.0, "Antecipação de gratificação natalina": 1819.77, "Substituição": 0, "Gratificação por exercício cumulativo": 0, "Gratificação por encargo Curso/Concurso": 0.0, "Pagamentos retroativos": 0.0, "JETON": 0.0}}}, "discounts": {"total": 191.13, "prev_contribution": 0.0, "ceil_retention": 0.0, "income_tax": 191.13, "others_total": 0.0, "others": {"Descontos Diversos": 0.0}}}, "RODRIGO CAPEZ": {"name": "RODRIGO CAPEZ", "type": "membro", "active": true, "income": {"total": 40788.53, "wage": 37328.65, "perks": {"total": 1640.11, "food": 0.0, "pre_school": 0, "health": 1640.11, "birth_aid": 0.0, "housing_aid": 0.0, "subsistence": 0.0}, "other": {"total": 1819.77, "daily": 0.0, "others_total": 1819.77, "others": {"Abono de permanência": 0, "Abono constitucional de 1/3 de férias": 0.0, "Indenização de férias": 0.0, "Antecipação de férias": 0, "Gratificação natalina": 0.0, "Antecipação de gratificação natalina": 1819.77, "Substituição": 0, "Gratificação por exercício cumulativo": 0, "Gratificação por encargo Curso/Concurso": 0.0, "Pagamentos retroativos": 0.0, "JETON": 0.0}}}, "discounts": {"total": 191.13, "prev_contribution": 0.0, "ceil_retention": 0.0, "income_tax": 191.13, "others_total": 0.0, "others": {"Descontos Diversos": 0.0}}}, "RUBENS DE MENDONÇA CANUTO NETO": {"name": "RUBENS DE MENDONÇA CANUTO NETO", "type": "membro", "active": true, "income": {"total": 47676.98, "wage": 47676.98, "perks": {"total": 0.0, "food": 0.0, "pre_school": 0, "health": 0.0, "birth_aid": 0.0, "housing_aid": 0.0, "subsistence": 0.0}, "other": {"total": 0.0, "daily": 0.0, "others_total": 0.0, "others": {"Abono de permanência": 0, "Abono constitucional de 1/3 de férias": 0.0, "Indenização de férias": 0.0, "Antecipação de férias": 0, "Gratificação natalina": 0.0, "Antecipação de gratificação natalina": 0.0, "Substituição": 0, "Gratificação por exercício cumulativo": 0, "Gratificação por encargo Curso/Concurso": 0.0, "Pagamentos retroativos": 0.0, "JETON": 0.0}}}, "discounts": {"total": 0.0, "prev_contribution": 0.0, "ceil_retention": 0.0, "income_tax": 0.0, "others_total": 0.0, "others": {"Descontos Diversos": 0.0}}}, "TANIA REGINA SILVA RECKZIEGEL": {"name": "TANIA REGINA SILVA RECKZIEGEL", "type": "membro", "active": true, "income": {"total": 43161.87, "wage": 37328.65, "perks": {"total": 0.0, "food": 0.0, "pre_school": 0, "health": 0.0, "birth_aid": 0.0, "housing_aid": 0.0, "subsistence": 0.0}, "other": {"total": 3383.22, "daily": 2450.0, "others_total": 933.22, "others": {"Abono de permanência": 0, "Abono constitucional de 1/3 de férias": 0.0, "Indenização de férias": 0.0, "Antecipação de férias": 0, "Gratificação natalina": 0.0, "Antecipação de gratificação natalina": 933.22, "Substituição": 0, "Gratificação por exercício cumulativo": 0, "Gratificação por encargo Curso/Concurso": 0.0, "Pagamentos retroativos": 0.0, "JETON": 0.0}}}, "discounts": {"total": 0.0, "prev_contribution": 0.0, "ceil_retention": 0.0, "income_tax": 0.0, "others_total": 0.0, "others": {"Descontos Diversos": 0.0}}}, "TRÍCIA NAVARRO XAVIER CABRAL": {"name": "TRÍCIA NAVARRO XAVIER CABRAL", "type": "membro", "active": true, "income": {"total": 48248.42, "wage": 37328.65, "perks": {"total": 0.0, "food": 0.0, "pre_school": 0, "health": 0.0, "birth_aid": 0.0, "housing_aid": 0.0, "subsistence": 0.0}, "other": {"total": 6369.77, "daily": 4550.0, "others_total": 1819.77, "others": {"Abono de permanência": 0, "Abono constitucional de 1/3 de férias": 0.0, "Indenização de férias": 0.0, "Antecipação de férias": 0, "Gratificação natalina": 0.0, "Antecipação de gratificação natalina": 1819.77, "Substituição": 0, "Gratificação por exercício cumulativo": 0, "Gratificação por encargo Curso/Concurso": 0.0, "Pagamentos retroativos": 0.0, "JETON": 0.0}}}, "discounts": {"total": 191.13, "prev_contribution": 0.0, "ceil_retention": 0.0, "income_tax": 191.13, "others_total": 0.0, "others": {"Descontos Diversos": 0.0}}}, "VALTER SHUENQUENER DE ARAÚJO": {"name": "VALTER SHUENQUENER DE ARAÚJO", "type": "membro", "active": true, "income": {"total": 42789.11, "wage": 33689.11, "perks": {"total": 0.0, "food": 0.0, "pre_school": 0, "health": 0.0, "birth_aid": 0.0, "housing_aid": 0.0, "subsistence": 0.0}, "other": {"total": 4550.0, "daily": 4550.0, "others_total": 0.0, "others": {"Abono de permanência": 0, "Abono constitucional de 1/3 de férias": 0.0, "Indenização de férias": 0.0, "Antecipação de férias": 0, "Gratificação natalina": 0.0, "Antecipação de gratificação natalina": 0.0, "Substituição": 0, "Gratificação por exercício cumulativo": 0, "Gratificação por encargo Curso/Concurso": 0.0, "Pagamentos retroativos": 0.0, "JETON": 0.0}}}, "discounts": {"total": 0.0, "prev_contribution": 0.0, "ceil_retention": 0.0, "income_tax": 0.0, "others_total": 0.0, "others": {"Descontos Diversos": 0.0}}}, "VICKY VIVIAN HACKBARTH KEMMELMEIER": {"name": "VICKY VIVIAN HACKBARTH KEMMELMEIER", "type": "membro", "active": true, "income": {"total": 39990.65, "wage": 37328.65, "perks": {"total": 0.0, "food": 0.0, "pre_school": 0, "health": 0.0, "birth_aid": 0.0, "housing_aid": 0.0, "subsistence": 0.0}, "other": {"total": 2662.0, "daily": 0.0, "others_total": 2662.0, "others": {"Abono de permanência": 0, "Abono constitucional de 1/3 de férias": 0.0, "Indenização de férias": 0.0, "Antecipação de férias": 0, "Gratificação natalina": 0.0, "Antecipação de gratificação natalina": 2662.0, "Substituição": 0, "Gratificação por exercício cumulativo": 0, "Gratificação por encargo Curso/Concurso": 0.0, "Pagamentos retroativos": 0.0, "JETON": 0.0}}}, "discounts": {"total": 594.74, "prev_contribution": 0.0, "ceil_retention": 0.0, "income_tax": 594.74, "others_total": 0.0, "others": {"Descontos Diversos": 0.0}}}, "WALTER GODOY DOS SANTOS JUNIOR": {"name": "WALTER GODOY DOS SANTOS JUNIOR", "type": "membro", "active": true, "income": {"total": 48248.42, "wage": 37328.65, "perks": {"total": 0.0, "food": 0.0, "pre_school": 0, "health": 0.0, "birth_aid": 0.0, "housing_aid": 0.0, "subsistence": 0.0}, "other": {"total": 6369.77, "daily": 4550.0, "others_total": 1819.77, "others": {"Abono de permanência": 0, "Abono constitucional de 1/3 de férias": 0.0, "Indenização de férias": 0.0, "Antecipação de férias": 0, "Gratificação natalina": 0.0, "Antecipação de gratificação natalina": 1819.77, "Substituição": 0, "Gratificação por exercício cumulativo": 0, "Gratificação por encargo Curso/Concurso": 0.0, "Pagamentos retroativos": 0.0, "JETON": 0.0}}}, "discounts": {"total": 191.13, "prev_contribution": 0.0, "ceil_retention": 0.0, "income_tax": 191.13, "others_total": 0.0, "others": {"Descontos Diversos": 0.0}}}}, "timestamp": "2021-03-29T15:31:43-03:00"}}