{"cr": {"aid": "cnj", "month": 7, "year": 2018, "files": [], "crawler": {"id": "cnj", "version": "ec380c3dfeb6636a98177ec17c2de19628669364"}, "employees": {"ALOYSIO SILVA CORRÊA DA VEIGA": {"name": "ALOYSIO SILVA CORRÊA DA VEIGA", "type": "membro", "active": true, "income": {"total": 32074.85, "wage": 32074.85, "perks": {"total": 0.0, "food": 0.0, "pre_school": 0, "health": 0.0, "birth_aid": 0.0, "housing_aid": 0.0, "subsistence": 0.0}, "other": {"total": 0.0, "daily": 0.0, "others_total": 0.0, "others": {"Abono de permanência": 0, "Abono constitucional de 1/3 de férias": 0.0, "Indenização de férias": 0.0, "Antecipação de férias": 0, "Gratificação natalina": 0.0, "Antecipação de gratificação natalina": 0.0, "Substituição": 0, "Gratificação por exercício cumulativo": 0, "Gratificação por encargo Curso/Concurso": 0.0, "Pagamentos retroativos": 0.0, "JETON": 0.0}}}, "discounts": {"total": 0.0, "prev_contribution": 0.0, "ceil_retention": 0.0, "income_tax": 0.0, "others_total": 0.0, "others": {"Descontos Diversos": 0.0}}}, "ANDRE LUIS GUIMARÃES GODINHO": {"name": "ANDRE LUIS GUIMARÃES GODINHO", "type": "membro", "active": true, "income": {"total": 38064.96, "wage": 32074.85, "perks": {"total": 1090.11, "food": 910.08, "pre_school": 0, "health": 180.03, "birth_aid": 0.0, "housing_aid": 0.0, "subsistence": 0.0}, "other": {"total": 2450.0, "daily": 2450.0, "others_total": 0.0, "others": {"Abono de permanência": 0, "Abono constitucional de 1/3 de férias": 0.0, "Indenização de férias": 0.0, "Antecipação de férias": 0, "Gratificação natalina": 0.0, "Antecipação de gratificação natalina": 0.0, "Substituição": 0, "Gratificação por exercício cumulativo": 0, "Gratificação por encargo Curso/Concurso": 0.0, "Pagamentos retroativos": 0.0, "JETON": 0.0}}}, "discounts": {"total": 8401.48, "prev_contribution": 621.04, "ceil_retention": 0.0, "income_tax": 7780.44, "others_total": 0.0, "others": {"Descontos Diversos": 0.0}}}, "ANDREMARA DOS SANTOS": {"name": "ANDREMARA DOS SANTOS", "type": "membro", "active": true, "income": {"total": 41174.85, "wage": 32074.85, "perks": {"total": 0.0, "food": 0.0, "pre_school": 0, "health": 0.0, "birth_aid": 0.0, "housing_aid": 0.0, "subsistence": 0.0}, "other": {"total": 4550.0, "daily": 4550.0, "others_total": 0.0, "others": {"Abono de permanência": 0, "Abono constitucional de 1/3 de férias": 0.0, "Indenização de férias": 0.0, "Antecipação de férias": 0, "Gratificação natalina": 0.0, "Antecipação de gratificação natalina": 0.0, "Substituição": 0, "Gratificação por exercício cumulativo": 0, "Gratificação por encargo Curso/Concurso": 0.0, "Pagamentos retroativos": 0.0, "JETON": 0.0}}}, "discounts": {"total": 205.71, "prev_contribution": 0.0, "ceil_retention": 0.0, "income_tax": 205.71, "others_total": 0.0, "others": {"Descontos Diversos": 0.0}}}, "ARNALDO HOSSEPIAN SALLES LIMA JUNIOR": {"name": "ARNALDO HOSSEPIAN SALLES LIMA JUNIOR", "type": "membro", "active": true, "income": {"total": 37079.69, "wage": 32946.46, "perks": {"total": 633.23, "food": 0.0, "pre_school": 0, "health": 633.23, "birth_aid": 0.0, "housing_aid": 0.0, "subsistence": 0.0}, "other": {"total": 1750.0, "daily": 1750.0, "others_total": 0.0, "others": {"Abono de permanência": 0, "Abono constitucional de 1/3 de férias": 0.0, "Indenização de férias": 0.0, "Antecipação de férias": 0, "Gratificação natalina": 0.0, "Antecipação de gratificação natalina": 0.0, "Substituição": 0, "Gratificação por exercício cumulativo": 0, "Gratificação por encargo Curso/Concurso": 0.0, "Pagamentos retroativos": 0.0, "JETON": 0.0}}}, "discounts": {"total": 0.0, "prev_contribution": 0.0, "ceil_retention": 0.0, "income_tax": 0.0, "others_total": 0.0, "others": {"Descontos Diversos": 0.0}}}, "CANDICE LAVOCAT GALVÃO JOBIM": {"name": "CANDICE LAVOCAT GALVÃO JOBIM", "type": "membro", "active": true, "income": {"total": 32074.85, "wage": 32074.85, "perks": {"total": 0.0, "food": 0.0, "pre_school": 0, "health": 0.0, "birth_aid": 0.0, "housing_aid": 0.0, "subsistence": 0.0}, "other": {"total": 0.0, "daily": 0.0, "others_total": 0.0, "others": {"Abono de permanência": 0, "Abono constitucional de 1/3 de férias": 0.0, "Indenização de férias": 0.0, "Antecipação de férias": 0, "Gratificação natalina": 0.0, "Antecipação de gratificação natalina": 0.0, "Substituição": 0, "Gratificação por exercício cumulativo": 0, "Gratificação por encargo Curso/Concurso": 0.0, "Pagamentos retroativos": 0.0, "JETON": 0.0}}}, "discounts": {"total": 114.3, "prev_contribution": 0.0, "ceil_retention": 0.0, "income_tax": 114.3, "others_total": 0.0, "others": {"Descontos Diversos": 0.0}}}, "CARLOS VIEIRA VON ADAMEK": {"name": "CARLOS VIEIRA VON ADAMEK", "type": "membro", "active": true, "income": {"total": 44674.85, "wage": 32074.85, "perks": {"total": 0.0, "food": 0.0, "pre_school": 0, "health": 0.0, "birth_aid": 0.0, "housing_aid": 0.0, "subsistence": 0.0}, "other": {"total": 6300.0, "daily": 6300.0, "others_total": 0.0, "others": {"Abono de permanência": 0, "Abono constitucional de 1/3 de férias": 0.0, "Indenização de férias": 0.0, "Antecipação de férias": 0, "Gratificação natalina": 0.0, "Antecipação de gratificação natalina": 0.0, "Substituição": 0, "Gratificação por exercício cumulativo": 0, "Gratificação por encargo Curso/Concurso": 0.0, "Pagamentos retroativos": 0.0, "JETON": 0.0}}}, "discounts": {"total": 0.0, "prev_contribution": 0.0, "ceil_retention": 0.0, "income_tax": 0.0, "others_total": 0.0, "others": {"Descontos Diversos": 0.0}}}, "CÁRMEN LÚCIA ANTUNES ROCHA": {"name": "CÁRMEN LÚCIA ANTUNES ROCHA", "type": "membro", "active": true, "income": {"total": 33763.0, "wage": 33763.0, "perks": {"total": 0.0, "food": 0.0, "pre_school": 0, "health": 0.0, "birth_aid": 0.0, "housing_aid": 0.0, "subsistence": 0.0}, "other": {"total": 0.0, "daily": 0.0, "others_total": 0.0, "others": {"Abono de permanência": 0, "Abono constitucional de 1/3 de férias": 0.0, "Indenização de férias": 0.0, "Antecipação de férias": 0, "Gratificação natalina": 0.0, "Antecipação de gratificação natalina": 0.0, "Substituição": 0, "Gratificação por exercício cumulativo": 0, "Gratificação por encargo Curso/Concurso": 0.0, "Pagamentos retroativos": 0.0, "JETON": 0.0}}}, "discounts": {"total": 0.0, "prev_contribution": 0.0, "ceil_retention": 0.0, "income_tax": 0.0, "others_total": 0.0, "others": {"Descontos Diversos": 0.0}}}, "CLÁUDIA SILVIA DE ANDRADE FREITAS": {"name": "CLÁUDIA SILVIA DE ANDRADE FREITAS", "type": "membro", "active": true, "income": {"total": 32074.85, "wage": 32074.85, "perks": {"total": 0.0, "food": 0.0, "pre_school": 0, "health": 0.0, "birth_aid": 0.0, "housing_aid": 0.0, "subsistence": 0.0}, "other": {"total": 0.0, "daily": 0.0, "others_total": 0.0, "others": {"Abono de permanência": 0, "Abono constitucional de 1/3 de férias": 0.0, "Indenização de férias": 0.0, "Antecipação de férias": 0, "Gratificação natalina": 0.0, "Antecipação de gratificação natalina": 0.0, "Substituição": 0, "Gratificação por exercício cumulativo": 0, "Gratificação por encargo Curso/Concurso": 0.0, "Pagamentos retroativos": 0.0, "JETON": 0.0}}}, "discounts": {"total": 393.04, "prev_contribution": 0.0, "ceil_retention": 0.0, "income_tax": 393.04, "others_total": 0.0, "others": {"Descontos Diversos": 0.0}}}, "DALDICE MARIA SANTANA DE ALMEIDA": {"name": "DALDICE MARIA SANTANA DE ALMEIDA", "type": "membro", "active": true, "income": {"total": 48174.85, "wage": 32074.85, "perks": {"total": 0.0, "food": 0.0, "pre_school": 0, "health": 0.0, "birth_aid": 0.0, "housing_aid": 0.0, "subsistence": 0.0}, "other": {"total": 8050.0, "daily": 8050.0, "others_total": 0.0, "others": {"Abono de permanência": 0, "Abono constitucional de 1/3 de férias": 0.0, "Indenização de férias": 0.0, "Antecipação de férias": 0, "Gratificação natalina": 0.0, "Antecipação de gratificação natalina": 0.0, "Substituição": 0, "Gratificação por exercício cumulativo": 0, "Gratificação por encargo Curso/Concurso": 0.0, "Pagamentos retroativos": 0.0, "JETON": 0.0}}}, "discounts": {"total": 0.0, "prev_contribution": 0.0, "ceil_retention": 0.0, "income_tax": 0.0, "others_total": 0.0, "others": {"Descontos Diversos": 0.0}}}, "FERNANDO CESAR BAPTISTA DE MATTOS": {"name": "FERNANDO CESAR BAPTISTA DE MATTOS", "type": "membro", "active": true, "income": {"total": 35574.85, "wage": 32074.85, "perks": {"total": 0.0, "food": 0.0, "pre_school": 0, "health": 0.0, "birth_aid": 0.0, "housing_aid": 0.0, "subsistence": 0.0}, "other": {"total": 1750.0, "daily": 1750.0, "others_total": 0.0, "others": {"Abono de permanência": 0, "Abono constitucional de 1/3 de férias": 0.0, "Indenização de férias": 0.0, "Antecipação de férias": 0, "Gratificação natalina": 0.0, "Antecipação de gratificação natalina": 0.0, "Substituição": 0, "Gratificação por exercício cumulativo": 0, "Gratificação por encargo Curso/Concurso": 0.0, "Pagamentos retroativos": 0.0, "JETON": 0.0}}}, "discounts": {"total": 114.3, "prev_contribution": 0.0, "ceil_retention": 0.0, "income_tax": 114.3, "others_total": 0.0, "others": {"Descontos Diversos": 0.0}}}, "FRANCISCO LUCIANO DE AZEVEDO FROTA": {"name": "FRANCISCO LUCIANO DE AZEVEDO FROTA", "type": "membro", "active": true, "income": {"total": 32074.85, "wage": 32074.85, "perks": {"total": 0.0, "food": 0.0, "pre_school": 0, "health": 0.0, "birth_aid": 0.0, "housing_aid": 0.0, "subsistence": 0.0}, "other": {"total": 0.0, "daily": 0.0, "others_total": 0.0, "others": {"Abono de permanência": 0, "Abono constitucional de 1/3 de férias": 0.0, "Indenização de férias": 0.0, "Antecipação de férias": 0, "Gratificação natalina": 0.0, "Antecipação de gratificação natalina": 0.0, "Substituição": 0, "Gratificação por exercício cumulativo": 0, "Gratificação por encargo Curso/Concurso": 0.0, "Pagamentos retroativos": 0.0, "JETON": 0.0}}}, "discounts": {"total": 114.3, "prev_contribution": 0.0, "ceil_retention": 0.0, "income_tax": 114.3, "others_total": 0.0, "others": {"Descontos Diversos": 0.0}}}, "HENRIQUE DE ALMEIDA AVILA": {"name": "HENRIQUE DE ALMEIDA AVILA", "type": "membro", "active": true, "income": {"total": 36750.39, "wage": 32074.85, "perks": {"total": 1875.54, "food": 910.08, "pre_school": 0, "health": 965.46, "birth_aid": 0.0, "housing_aid": 0.0, "subsistence": 0.0}, "other": {"total": 1400.0, "daily": 1400.0, "others_total": 0.0, "others": {"Abono de permanência": 0, "Abono constitucional de 1/3 de férias": 0.0, "Indenização de férias": 0.0, "Antecipação de férias": 0, "Gratificação natalina": 0.0, "Antecipação de gratificação natalina": 0.0, "Substituição": 0, "Gratificação por exercício cumulativo": 0, "Gratificação por encargo Curso/Concurso": 0.0, "Pagamentos retroativos": 0.0, "JETON": 0.0}}}, "discounts": {"total": 8401.48, "prev_contribution": 621.04, "ceil_retention": 0.0, "income_tax": 7780.44, "others_total": 0.0, "others": {"Descontos Diversos": 0.0}}}, "JOÃO OTÁVIO DE NORONHA": {"name": "JOÃO OTÁVIO DE NORONHA", "type": "membro", "active": true, "income": {"total": 32074.85, "wage": 32074.85, "perks": {"total": 0.0, "food": 0.0, "pre_school": 0, "health": 0.0, "birth_aid": 0.0, "housing_aid": 0.0, "subsistence": 0.0}, "other": {"total": 0.0, "daily": 0.0, "others_total": 0.0, "others": {"Abono de permanência": 0, "Abono constitucional de 1/3 de férias": 0.0, "Indenização de férias": 0.0, "Antecipação de férias": 0, "Gratificação natalina": 0.0, "Antecipação de gratificação natalina": 0.0, "Substituição": 0, "Gratificação por exercício cumulativo": 0, "Gratificação por encargo Curso/Concurso": 0.0, "Pagamentos retroativos": 0.0, "JETON": 0.0}}}, "discounts": {"total": 0.0, "prev_contribution": 0.0, "ceil_retention": 0.0, "income_tax": 0.0, "others_total": 0.0, "others": {"Descontos Diversos": 0.0}}}, "JULIO FERREIRA DE ANDRADE": {"name": "JULIO FERREIRA DE ANDRADE", "type": "membro", "active": true, "income": {"total": 32074.85, "wage": 32074.85, "perks": {"total": 0.0, "food": 0.0, "pre_school": 0, "health": 0.0, "birth_aid": 0.0, "housing_aid": 0.0, "subsistence": 0.0}, "other": {"total": 0.0, "daily": 0.0, "others_total": 0.0, "others": {"Abono de permanência": 0, "Abono constitucional de 1/3 de férias": 0.0, "Indenização de férias": 0.0, "Antecipação de férias": 0, "Gratificação natalina": 0.0, "Antecipação de gratificação natalina": 0.0, "Substituição": 0, "Gratificação por exercício cumulativo": 0, "Gratificação por encargo Curso/Concurso": 0.0, "Pagamentos retroativos": 0.0, "JETON": 0.0}}}, "discounts": {"total": 114.3, "prev_contribution": 0.0, "ceil_retention": 0.0, "income_tax": 114.3, "others_total": 0.0, "others": {"Descontos Diversos": 0.0}}}, "LIZANDRO GARCIA GOMES FILHO": {"name": "LIZANDRO GARCIA GOMES FILHO", "type": "membro", "active": true, "income": {"total": 37263.0, "wage": 33763.0, "perks": {"total": 0.0, "food": 0.0, "pre_school": 0, "health": 0.0, "birth_aid": 0.0, "housing_aid": 0.0, "subsistence": 0.0}, "other": {"total": 1750.0, "daily": 1750.0, "others_total": 0.0, "others": {"Abono de permanência": 0, "Abono constitucional de 1/3 de férias": 0.0, "Indenização de férias": 0.0, "Antecipação de férias": 0, "Gratificação natalina": 0.0, "Antecipação de gratificação natalina": 0.0, "Substituição": 0, "Gratificação por exercício cumulativo": 0, "Gratificação por encargo Curso/Concurso": 0.0, "Pagamentos retroativos": 0.0, "JETON": 0.0}}}, "discounts": {"total": 0.0, "prev_contribution": 0.0, "ceil_retention": 0.0, "income_tax": 0.0, "others_total": 0.0, "others": {"Descontos Diversos": 0.0}}}, "MARCELO MESQUITA SILVA": {"name": "MARCELO MESQUITA SILVA", "type": "membro", "active": true, "income": {"total": 32074.85, "wage": 32074.85, "perks": {"total": 0.0, "food": 0.0, "pre_school": 0, "health": 0.0, "birth_aid": 0.0, "housing_aid": 0.0, "subsistence": 0.0}, "other": {"total": 0.0, "daily": 0.0, "others_total": 0.0, "others": {"Abono de permanência": 0, "Abono constitucional de 1/3 de férias": 0.0, "Indenização de férias": 0.0, "Antecipação de férias": 0, "Gratificação natalina": 0.0, "Antecipação de gratificação natalina": 0.0, "Substituição": 0, "Gratificação por exercício cumulativo": 0, "Gratificação por encargo Curso/Concurso": 0.0, "Pagamentos retroativos": 0.0, "JETON": 0.0}}}, "discounts": {"total": 114.3, "prev_contribution": 0.0, "ceil_retention": 0.0, "income_tax": 114.3, "others_total": 0.0, "others": {"Descontos Diversos": 0.0}}}, "MARCIO EVANGELISTA FERREIRA DA SILVA": {"name": "MARCIO EVANGELISTA FERREIRA DA SILVA", "type": "membro", "active": true, "income": {"total": 32074.85, "wage": 32074.85, "perks": {"total": 0.0, "food": 0.0, "pre_school": 0, "health": 0.0, "birth_aid": 0.0, "housing_aid": 0.0, "subsistence": 0.0}, "other": {"total": 0.0, "daily": 0.0, "others_total": 0.0, "others": {"Abono de permanência": 0, "Abono constitucional de 1/3 de férias": 0.0, "Indenização de férias": 0.0, "Antecipação de férias": 0, "Gratificação natalina": 0.0, "Antecipação de gratificação natalina": 0.0, "Substituição": 0, "Gratificação por exercício cumulativo": 0, "Gratificação por encargo Curso/Concurso": 0.0, "Pagamentos retroativos": 0.0, "JETON": 0.0}}}, "discounts": {"total": 114.3, "prev_contribution": 0.0, "ceil_retention": 0.0, "income_tax": 114.3, "others_total": 0.0, "others": {"Descontos Diversos": 0.0}}}, "MARCIO LUIZ COELHO DE FREITAS": {"name": "MARCIO LUIZ COELHO DE FREITAS", "type": "membro", "active": true, "income": {"total": 39774.85, "wage": 32074.85, "perks": {"total": 0.0, "food": 0.0, "pre_school": 0, "health": 0.0, "birth_aid": 0.0, "housing_aid": 0.0, "subsistence": 0.0}, "other": {"total": 3850.0, "daily": 3850.0, "others_total": 0.0, "others": {"Abono de permanência": 0, "Abono constitucional de 1/3 de férias": 0.0, "Indenização de férias": 0.0, "Antecipação de férias": 0, "Gratificação natalina": 0.0, "Antecipação de gratificação natalina": 0.0, "Substituição": 0, "Gratificação por exercício cumulativo": 0, "Gratificação por encargo Curso/Concurso": 0.0, "Pagamentos retroativos": 0.0, "JETON": 0.0}}}, "discounts": {"total": 114.3, "prev_contribution": 0.0, "ceil_retention": 0.0, "income_tax": 114.3, "others_total": 0.0, "others": {"Descontos Diversos": 0.0}}}, "MÁRCIO SCHIEFLER FONTES": {"name": "MÁRCIO SCHIEFLER FONTES", "type": "membro", "active": true, "income": {"total": 44674.85, "wage": 32074.85, "perks": {"total": 0.0, "food": 0.0, "pre_school": 0, "health": 0.0, "birth_aid": 0.0, "housing_aid": 0.0, "subsistence": 0.0}, "other": {"total": 6300.0, "daily": 6300.0, "others_total": 0.0, "others": {"Abono de permanência": 0, "Abono constitucional de 1/3 de férias": 0.0, "Indenização de férias": 0.0, "Antecipação de férias": 0, "Gratificação natalina": 0.0, "Antecipação de gratificação natalina": 0.0, "Substituição": 0, "Gratificação por exercício cumulativo": 0, "Gratificação por encargo Curso/Concurso": 0.0, "Pagamentos retroativos": 0.0, "JETON": 0.0}}}, "discounts": {"total": 144.05, "prev_contribution": 0.0, "ceil_retention": 0.0, "income_tax": 144.05, "others_total": 0.0, "others": {"Descontos Diversos": 0.0}}}, "MARIA DE FATIMA ALVES DA SILVA": {"name": "MARIA DE FATIMA ALVES DA SILVA", "type": "membro", "active": true, "income": {"total": 32074.85, "wage": 32074.85, "perks": {"total": 0.0, "food": 0.0, "pre_school": 0, "health": 0.0, "birth_aid": 0.0, "housing_aid": 0.0, "subsistence": 0.0}, "other": {"total": 0.0, "daily": 0.0, "others_total": 0.0, "others": {"Abono de permanência": 0, "Abono constitucional de 1/3 de férias": 0.0, "Indenização de férias": 0.0, "Antecipação de férias": 0, "Gratificação natalina": 0.0, "Antecipação de gratificação natalina": 0.0, "Substituição": 0, "Gratificação por exercício cumulativo": 0, "Gratificação por encargo Curso/Concurso": 0.0, "Pagamentos retroativos": 0.0, "JETON": 0.0}}}, "discounts": {"total": 393.17, "prev_contribution": 0.0, "ceil_retention": 0.0, "income_tax": 393.17, "others_total": 0.0, "others": {"Descontos Diversos": 0.0}}}, "MARIA IRACEMA MARTINS DO VALE": {"name": "MARIA IRACEMA MARTINS DO VALE", "type": "membro", "active": true, "income": {"total": 32074.85, "wage": 32074.85, "perks": {"total": 0.0, "food": 0.0, "pre_school": 0, "health": 0.0, "birth_aid": 0.0, "housing_aid": 0.0, "subsistence": 0.0}, "other": {"total": 0.0, "daily": 0.0, "others_total": 0.0, "others": {"Abono de permanência": 0, "Abono constitucional de 1/3 de férias": 0.0, "Indenização de férias": 0.0, "Antecipação de férias": 0, "Gratificação natalina": 0.0, "Antecipação de gratificação natalina": 0.0, "Substituição": 0, "Gratificação por exercício cumulativo": 0, "Gratificação por encargo Curso/Concurso": 0.0, "Pagamentos retroativos": 0.0, "JETON": 0.0}}}, "discounts": {"total": 0.0, "prev_contribution": 0.0, "ceil_retention": 0.0, "income_tax": 0.0, "others_total": 0.0, "others": {"Descontos Diversos": 0.0}}}, "MARIA TEREZA UILLE GOMES": {"name": "MARIA TEREZA UILLE GOMES", "type": "membro", "active": true, "income": {"total": 35084.93, "wage": 32074.85, "perks": {"total": 910.08, "food": 910.08, "pre_school": 0, "health": 0.0, "birth_aid": 0.0, "housing_aid": 0.0, "subsistence": 0.0}, "other": {"total": 1050.0, "daily": 1050.0, "others_total": 0.0, "others": {"Abono de permanência": 0, "Abono constitucional de 1/3 de férias": 0.0, "Indenização de férias": 0.0, "Antecipação de férias": 0, "Gratificação natalina": 0.0, "Antecipação de gratificação natalina": 0.0, "Substituição": 0, "Gratificação por exercício cumulativo": 0, "Gratificação por encargo Curso/Concurso": 0.0, "Pagamentos retroativos": 0.0, "JETON": 0.0}}}, "discounts": {"total": 128.29, "prev_contribution": 128.29, "ceil_retention": 0.0, "income_tax": 0.0, "others_total": 0.0, "others": {"Descontos Diversos": 0.0}}}, "RUI DE ALMEIDA MAGALHÃES": {"name": "RUI DE ALMEIDA MAGALHÃES", "type": "membro", "active": true, "income": {"total": 32074.85, "wage": 32074.85, "perks": {"total": 0.0, "food": 0.0, "pre_school": 0, "health": 0.0, "birth_aid": 0.0, "housing_aid": 0.0, "subsistence": 0.0}, "other": {"total": 0.0, "daily": 0.0, "others_total": 0.0, "others": {"Abono de permanência": 0, "Abono constitucional de 1/3 de férias": 0.0, "Indenização de férias": 0.0, "Antecipação de férias": 0, "Gratificação natalina": 0.0, "Antecipação de gratificação natalina": 0.0, "Substituição": 0, "Gratificação por exercício cumulativo": 0, "Gratificação por encargo Curso/Concurso": 0.0, "Pagamentos retroativos": 0.0, "JETON": 0.0}}}, "discounts": {"total": 114.3, "prev_contribution": 0.0, "ceil_retention": 0.0, "income_tax": 114.3, "others_total": 0.0, "others": {"Descontos Diversos": 0.0}}}, "SANDRA APARECIDA SILVESTRE DE FRIAS TORRES": {"name": "SANDRA APARECIDA SILVESTRE DE FRIAS TORRES", "type": "membro", "active": true, "income": {"total": 43274.85, "wage": 32074.85, "perks": {"total": 0.0, "food": 0.0, "pre_school": 0, "health": 0.0, "birth_aid": 0.0, "housing_aid": 0.0, "subsistence": 0.0}, "other": {"total": 5600.0, "daily": 5600.0, "others_total": 0.0, "others": {"Abono de permanência": 0, "Abono constitucional de 1/3 de férias": 0.0, "Indenização de férias": 0.0, "Antecipação de férias": 0, "Gratificação natalina": 0.0, "Antecipação de gratificação natalina": 0.0, "Substituição": 0, "Gratificação por exercício cumulativo": 0, "Gratificação por encargo Curso/Concurso": 0.0, "Pagamentos retroativos": 0.0, "JETON": 0.0}}}, "discounts": {"total": 114.3, "prev_contribution": 0.0, "ceil_retention": 0.0, "income_tax": 114.3, "others_total": 0.0, "others": {"Descontos Diversos": 0.0}}}, "SERGIO RICARDO DE SOUZA": {"name": "SERGIO RICARDO DE SOUZA", "type": "membro", "active": true, "income": {"total": 36233.7, "wage": 32074.85, "perks": {"total": 4158.85, "food": 0.0, "pre_school": 0, "health": 0.0, "birth_aid": 0.0, "housing_aid": 4158.85, "subsistence": 0.0}, "other": {"total": 0.0, "daily": 0.0, "others_total": 0.0, "others": {"Abono de permanência": 0, "Abono constitucional de 1/3 de férias": 0.0, "Indenização de férias": 0.0, "Antecipação de férias": 0, "Gratificação natalina": 0.0, "Antecipação de gratificação natalina": 0.0, "Substituição": 0, "Gratificação por exercício cumulativo": 0, "Gratificação por encargo Curso/Concurso": 0.0, "Pagamentos retroativos": 0.0, "JETON": 0.0}}}, "discounts": {"total": 114.3, "prev_contribution": 0.0, "ceil_retention": 0.0, "income_tax": 114.3, "others_total": 0.0, "others": {"Descontos Diversos": 0.0}}}, "VALDETARIO ANDRADE MONTEIRO": {"name": "VALDETARIO ANDRADE MONTEIRO", "type": "membro", "active": true, "income": {"total": 33933.94, "wage": 32074.85, "perks": {"total": 1859.09, "food": 910.08, "pre_school": 0, "health": 949.01, "birth_aid": 0.0, "housing_aid": 0.0, "subsistence": 0.0}, "other": {"total": 0.0, "daily": 0.0, "others_total": 0.0, "others": {"Abono de permanência": 0, "Abono constitucional de 1/3 de férias": 0.0, "Indenização de férias": 0.0, "Antecipação de férias": 0, "Gratificação natalina": 0.0, "Antecipação de gratificação natalina": 0.0, "Substituição": 0, "Gratificação por exercício cumulativo": 0, "Gratificação por encargo Curso/Concurso": 0.0, "Pagamentos retroativos": 0.0, "JETON": 0.0}}}, "discounts": {"total": 8401.48, "prev_contribution": 621.04, "ceil_retention": 0.0, "income_tax": 7780.44, "others_total": 0.0, "others": {"Descontos Diversos": 0.0}}}, "VALTERCIO RONALDO DE OLIVEIRA": {"name": "VALTERCIO RONALDO DE OLIVEIRA", "type": "membro", "active": true, "income": {"total": 37674.85, "wage": 32074.85, "perks": {"total": 0.0, "food": 0.0, "pre_school": 0, "health": 0.0, "birth_aid": 0.0, "housing_aid": 0.0, "subsistence": 0.0}, "other": {"total": 2800.0, "daily": 2800.0, "others_total": 0.0, "others": {"Abono de permanência": 0, "Abono constitucional de 1/3 de férias": 0.0, "Indenização de férias": 0.0, "Antecipação de férias": 0, "Gratificação natalina": 0.0, "Antecipação de gratificação natalina": 0.0, "Substituição": 0, "Gratificação por exercício cumulativo": 0, "Gratificação por encargo Curso/Concurso": 0.0, "Pagamentos retroativos": 0.0, "JETON": 0.0}}}, "discounts": {"total": 0.0, "prev_contribution": 0.0, "ceil_retention": 0.0, "income_tax": 0.0, "others_total": 0.0, "others": {"Descontos Diversos": 0.0}}}}, "timestamp": "2021-03-29T15:31:08-03:00"}}