{"cr": {"aid": "cnj", "month": 1, "year": 2019, "files": [], "crawler": {"id": "cnj", "version": "ec380c3dfeb6636a98177ec17c2de19628669364"}, "employees": {"ALEXANDRE CHINI NETO": {"name": "ALEXANDRE CHINI NETO", "type": "membro", "active": true, "income": {"total": 39148.42, "wage": 37328.65, "perks": {"total": 0.0, "food": 0.0, "pre_school": 0, "health": 0.0, "birth_aid": 0.0, "housing_aid": 0.0, "subsistence": 0.0}, "other": {"total": 1819.77, "daily": 0.0, "others_total": 1819.77, "others": {"Abono de permanência": 0, "Abono constitucional de 1/3 de férias": 0.0, "Indenização de férias": 0.0, "Antecipação de férias": 0, "Gratificação natalina": 0.0, "Antecipação de gratificação natalina": 1819.77, "Substituição": 0, "Gratificação por exercício cumulativo": 0, "Gratificação por encargo Curso/Concurso": 0.0, "Pagamentos retroativos": 0.0, "JETON": 0.0}}}, "discounts": {"total": 191.13, "prev_contribution": 0.0, "ceil_retention": 0.0, "income_tax": 191.13, "others_total": 0.0, "others": {"Descontos Diversos": 0.0}}}, "ALOYSIO SILVA CORRÊA DA VEIGA": {"name": "ALOYSIO SILVA CORRÊA DA VEIGA", "type": "membro", "active": true, "income": {"total": 37328.65, "wage": 37328.65, "perks": {"total": 0.0, "food": 0.0, "pre_school": 0, "health": 0.0, "birth_aid": 0.0, "housing_aid": 0.0, "subsistence": 0.0}, "other": {"total": 0.0, "daily": 0.0, "others_total": 0.0, "others": {"Abono de permanência": 0, "Abono constitucional de 1/3 de férias": 0.0, "Indenização de férias": 0.0, "Antecipação de férias": 0, "Gratificação natalina": 0.0, "Antecipação de gratificação natalina": 0.0, "Substituição": 0, "Gratificação por exercício cumulativo": 0, "Gratificação por encargo Curso/Concurso": 0.0, "Pagamentos retroativos": 0.0, "JETON": 0.0}}}, "discounts": {"total": 0.0, "prev_contribution": 0.0, "ceil_retention": 0.0, "income_tax": 0.0, "others_total": 0.0, "others": {"Descontos Diversos": 0.0}}}, "ANDRE LUIS GUIMARÃES GODINHO": {"name": "ANDRE LUIS GUIMARÃES GODINHO", "type": "membro", "active": true, "income": {"total": 59003.06, "wage": 37328.65, "perks": {"total": 910.08, "food": 910.08, "pre_school": 0, "health": 0.0, "birth_aid": 0.0, "housing_aid": 0.0, "subsistence": 0.0}, "other": {"total": 19714.33, "daily": 1050.0, "others_total": 18664.33, "others": {"Abono de permanência": 0, "Abono constitucional de 1/3 de férias": 0.0, "Indenização de férias": 0.0, "Antecipação de férias": 0, "Gratificação natalina": 0.0, "Antecipação de gratificação natalina": 18664.33, "Substituição": 0, "Gratificação por exercício cumulativo": 0, "Gratificação por encargo Curso/Concurso": 0.0, "Pagamentos retroativos": 0.0, "JETON": 0.0}}}, "discounts": {"total": 9861.72, "prev_contribution": 642.34, "ceil_retention": 0.0, "income_tax": 9219.38, "others_total": 0.0, "others": {"Descontos Diversos": 0.0}}}, "ARNALDO HOSSEPIAN SALLES LIMA JUNIOR": {"name": "ARNALDO HOSSEPIAN SALLES LIMA JUNIOR", "type": "membro", "active": true, "income": {"total": 44623.35, "wage": 37937.57, "perks": {"total": 1785.78, "food": 0.0, "pre_school": 0, "health": 1785.78, "birth_aid": 0.0, "housing_aid": 0.0, "subsistence": 0.0}, "other": {"total": 2450.0, "daily": 2450.0, "others_total": 0.0, "others": {"Abono de permanência": 0, "Abono constitucional de 1/3 de férias": 0.0, "Indenização de férias": 0.0, "Antecipação de férias": 0, "Gratificação natalina": 0.0, "Antecipação de gratificação natalina": 0.0, "Substituição": 0, "Gratificação por exercício cumulativo": 0, "Gratificação por encargo Curso/Concurso": 0.0, "Pagamentos retroativos": 0.0, "JETON": 0.0}}}, "discounts": {"total": 0.0, "prev_contribution": 0.0, "ceil_retention": 0.0, "income_tax": 0.0, "others_total": 0.0, "others": {"Descontos Diversos": 0.0}}}, "BRÁULIO GABRIEL GUSMÃO": {"name": "BRÁULIO GABRIEL GUSMÃO", "type": "membro", "active": true, "income": {"total": 43348.42, "wage": 37328.65, "perks": {"total": 0.0, "food": 0.0, "pre_school": 0, "health": 0.0, "birth_aid": 0.0, "housing_aid": 0.0, "subsistence": 0.0}, "other": {"total": 3919.77, "daily": 2100.0, "others_total": 1819.77, "others": {"Abono de permanência": 0, "Abono constitucional de 1/3 de férias": 0.0, "Indenização de férias": 0.0, "Antecipação de férias": 0, "Gratificação natalina": 0.0, "Antecipação de gratificação natalina": 1819.77, "Substituição": 0, "Gratificação por exercício cumulativo": 0, "Gratificação por encargo Curso/Concurso": 0.0, "Pagamentos retroativos": 0.0, "JETON": 0.0}}}, "discounts": {"total": 191.13, "prev_contribution": 0.0, "ceil_retention": 0.0, "income_tax": 191.13, "others_total": 0.0, "others": {"Descontos Diversos": 0.0}}}, "CARL OLAV SMITH": {"name": "CARL OLAV SMITH", "type": "membro", "active": true, "income": {"total": 37871.48, "wage": 32074.85, "perks": {"total": 0.0, "food": 0.0, "pre_school": 0, "health": 0.0, "birth_aid": 0.0, "housing_aid": 0.0, "subsistence": 0.0}, "other": {"total": 4746.63, "daily": 1050.0, "others_total": 3696.63, "others": {"Abono de permanência": 0, "Abono constitucional de 1/3 de férias": 0.0, "Indenização de férias": 0.0, "Antecipação de férias": 0, "Gratificação natalina": 0.0, "Antecipação de gratificação natalina": 3696.63, "Substituição": 0, "Gratificação por exercício cumulativo": 0, "Gratificação por encargo Curso/Concurso": 0.0, "Pagamentos retroativos": 0.0, "JETON": 0.0}}}, "discounts": {"total": 1163.78, "prev_contribution": 0.0, "ceil_retention": 0.0, "income_tax": 1163.78, "others_total": 0.0, "others": {"Descontos Diversos": 0.0}}}, "CARLOS GUSTAVO VIANNA DIREITO": {"name": "CARLOS GUSTAVO VIANNA DIREITO", "type": "membro", "active": true, "income": {"total": 39148.42, "wage": 37328.65, "perks": {"total": 0.0, "food": 0.0, "pre_school": 0, "health": 0.0, "birth_aid": 0.0, "housing_aid": 0.0, "subsistence": 0.0}, "other": {"total": 1819.77, "daily": 0.0, "others_total": 1819.77, "others": {"Abono de permanência": 0, "Abono constitucional de 1/3 de férias": 0.0, "Indenização de férias": 0.0, "Antecipação de férias": 0, "Gratificação natalina": 0.0, "Antecipação de gratificação natalina": 1819.77, "Substituição": 0, "Gratificação por exercício cumulativo": 0, "Gratificação por encargo Curso/Concurso": 0.0, "Pagamentos retroativos": 0.0, "JETON": 0.0}}}, "discounts": {"total": 191.13, "prev_contribution": 0.0, "ceil_retention": 0.0, "income_tax": 191.13, "others_total": 0.0, "others": {"Descontos Diversos": 0.0}}}, "CARLOS VIEIRA VON ADAMEK": {"name": "CARLOS VIEIRA VON ADAMEK", "type": "membro", "active": true, "income": {"total": 100689.34, "wage": 37328.65, "perks": {"total": 0.0, "food": 0.0, "pre_school": 0, "health": 0.0, "birth_aid": 0.0, "housing_aid": 0.0, "subsistence": 0.0}, "other": {"total": 31995.39, "daily": 31365.3, "others_total": 630.09, "others": {"Abono de permanência": 0, "Abono constitucional de 1/3 de férias": 0.0, "Indenização de férias": 0.0, "Antecipação de férias": 0, "Gratificação natalina": 0.0, "Antecipação de gratificação natalina": 630.09, "Substituição": 0, "Gratificação por exercício cumulativo": 0, "Gratificação por encargo Curso/Concurso": 0.0, "Pagamentos retroativos": 0.0, "JETON": 0.0}}}, "discounts": {"total": 0.0, "prev_contribution": 0.0, "ceil_retention": 0.0, "income_tax": 0.0, "others_total": 0.0, "others": {"Descontos Diversos": 0.0}}}, "DALDICE MARIA SANTANA DE ALMEIDA": {"name": "DALDICE MARIA SANTANA DE ALMEIDA", "type": "membro", "active": true, "income": {"total": 51561.87, "wage": 37328.65, "perks": {"total": 0.0, "food": 0.0, "pre_school": 0, "health": 0.0, "birth_aid": 0.0, "housing_aid": 0.0, "subsistence": 0.0}, "other": {"total": 7583.22, "daily": 6650.0, "others_total": 933.22, "others": {"Abono de permanência": 0, "Abono constitucional de 1/3 de férias": 0.0, "Indenização de férias": 0.0, "Antecipação de férias": 0, "Gratificação natalina": 0.0, "Antecipação de gratificação natalina": 933.22, "Substituição": 0, "Gratificação por exercício cumulativo": 0, "Gratificação por encargo Curso/Concurso": 0.0, "Pagamentos retroativos": 0.0, "JETON": 0.0}}}, "discounts": {"total": 0.0, "prev_contribution": 0.0, "ceil_retention": 0.0, "income_tax": 0.0, "others_total": 0.0, "others": {"Descontos Diversos": 0.0}}}, "DANIEL CARNIO COSTA": {"name": "DANIEL CARNIO COSTA", "type": "membro", "active": true, "income": {"total": 39148.42, "wage": 37328.65, "perks": {"total": 0.0, "food": 0.0, "pre_school": 0, "health": 0.0, "birth_aid": 0.0, "housing_aid": 0.0, "subsistence": 0.0}, "other": {"total": 1819.77, "daily": 0.0, "others_total": 1819.77, "others": {"Abono de permanência": 0, "Abono constitucional de 1/3 de férias": 0.0, "Indenização de férias": 0.0, "Antecipação de férias": 0, "Gratificação natalina": 0.0, "Antecipação de gratificação natalina": 1819.77, "Substituição": 0, "Gratificação por exercício cumulativo": 0, "Gratificação por encargo Curso/Concurso": 0.0, "Pagamentos retroativos": 0.0, "JETON": 0.0}}}, "discounts": {"total": 191.13, "prev_contribution": 0.0, "ceil_retention": 0.0, "income_tax": 191.13, "others_total": 0.0, "others": {"Descontos Diversos": 0.0}}}, "FERNANDO CESAR BAPTISTA DE MATTOS": {"name": "FERNANDO CESAR BAPTISTA DE MATTOS", "type": "membro", "active": true, "income": {"total": 42648.42, "wage": 37328.65, "perks": {"total": 0.0, "food": 0.0, "pre_school": 0, "health": 0.0, "birth_aid": 0.0, "housing_aid": 0.0, "subsistence": 0.0}, "other": {"total": 3569.77, "daily": 1750.0, "others_total": 1819.77, "others": {"Abono de permanência": 0, "Abono constitucional de 1/3 de férias": 0.0, "Indenização de férias": 0.0, "Antecipação de férias": 0, "Gratificação natalina": 0.0, "Antecipação de gratificação natalina": 1819.77, "Substituição": 0, "Gratificação por exercício cumulativo": 0, "Gratificação por encargo Curso/Concurso": 0.0, "Pagamentos retroativos": 0.0, "JETON": 0.0}}}, "discounts": {"total": 191.13, "prev_contribution": 0.0, "ceil_retention": 0.0, "income_tax": 191.13, "others_total": 0.0, "others": {"Descontos Diversos": 0.0}}}, "FLÁVIA MOREIRA GUIMARÃES PESSOA": {"name": "FLÁVIA MOREIRA GUIMARÃES PESSOA", "type": "membro", "active": true, "income": {"total": 39148.42, "wage": 37328.65, "perks": {"total": 0.0, "food": 0.0, "pre_school": 0, "health": 0.0, "birth_aid": 0.0, "housing_aid": 0.0, "subsistence": 0.0}, "other": {"total": 1819.77, "daily": 0.0, "others_total": 1819.77, "others": {"Abono de permanência": 0, "Abono constitucional de 1/3 de férias": 0.0, "Indenização de férias": 0.0, "Antecipação de férias": 0, "Gratificação natalina": 0.0, "Antecipação de gratificação natalina": 1819.77, "Substituição": 0, "Gratificação por exercício cumulativo": 0, "Gratificação por encargo Curso/Concurso": 0.0, "Pagamentos retroativos": 0.0, "JETON": 0.0}}}, "discounts": {"total": 191.13, "prev_contribution": 0.0, "ceil_retention": 0.0, "income_tax": 191.13, "others_total": 0.0, "others": {"Descontos Diversos": 0.0}}}, "FRANCISCO LUCIANO DE AZEVEDO FROTA": {"name": "FRANCISCO LUCIANO DE AZEVEDO FROTA", "type": "membro", "active": true, "income": {"total": 39148.42, "wage": 37328.65, "perks": {"total": 0.0, "food": 0.0, "pre_school": 0, "health": 0.0, "birth_aid": 0.0, "housing_aid": 0.0, "subsistence": 0.0}, "other": {"total": 1819.77, "daily": 0.0, "others_total": 1819.77, "others": {"Abono de permanência": 0, "Abono constitucional de 1/3 de férias": 0.0, "Indenização de férias": 0.0, "Antecipação de férias": 0, "Gratificação natalina": 0.0, "Antecipação de gratificação natalina": 1819.77, "Substituição": 0, "Gratificação por exercício cumulativo": 0, "Gratificação por encargo Curso/Concurso": 0.0, "Pagamentos retroativos": 0.0, "JETON": 0.0}}}, "discounts": {"total": 191.13, "prev_contribution": 0.0, "ceil_retention": 0.0, "income_tax": 191.13, "others_total": 0.0, "others": {"Descontos Diversos": 0.0}}}, "HENRIQUE DE ALMEIDA AVILA": {"name": "HENRIQUE DE ALMEIDA AVILA", "type": "membro", "active": true, "income": {"total": 65271.28, "wage": 37328.65, "perks": {"total": 2278.3, "food": 910.08, "pre_school": 0, "health": 1368.22, "birth_aid": 0.0, "housing_aid": 0.0, "subsistence": 0.0}, "other": {"total": 22164.33, "daily": 3500.0, "others_total": 18664.33, "others": {"Abono de permanência": 0, "Abono constitucional de 1/3 de férias": 0.0, "Indenização de férias": 0.0, "Antecipação de férias": 0, "Gratificação natalina": 0.0, "Antecipação de gratificação natalina": 18664.33, "Substituição": 0, "Gratificação por exercício cumulativo": 0, "Gratificação por encargo Curso/Concurso": 0.0, "Pagamentos retroativos": 0.0, "JETON": 0.0}}}, "discounts": {"total": 9861.72, "prev_contribution": 642.34, "ceil_retention": 0.0, "income_tax": 9219.38, "others_total": 0.0, "others": {"Descontos Diversos": 0.0}}}, "HUMBERTO EUSTÁQUIO SOARES MARTINS": {"name": "HUMBERTO EUSTÁQUIO SOARES MARTINS", "type": "membro", "active": true, "income": {"total": 37328.65, "wage": 37328.65, "perks": {"total": 0.0, "food": 0.0, "pre_school": 0, "health": 0.0, "birth_aid": 0.0, "housing_aid": 0.0, "subsistence": 0.0}, "other": {"total": 0.0, "daily": 0.0, "others_total": 0.0, "others": {"Abono de permanência": 0, "Abono constitucional de 1/3 de férias": 0.0, "Indenização de férias": 0.0, "Antecipação de férias": 0, "Gratificação natalina": 0.0, "Antecipação de gratificação natalina": 0.0, "Substituição": 0, "Gratificação por exercício cumulativo": 0, "Gratificação por encargo Curso/Concurso": 0.0, "Pagamentos retroativos": 0.0, "JETON": 0.0}}}, "discounts": {"total": 0.0, "prev_contribution": 0.0, "ceil_retention": 0.0, "income_tax": 0.0, "others_total": 0.0, "others": {"Descontos Diversos": 0.0}}}, "JORSENILDO DOURADO DO NASCIMENTO": {"name": "JORSENILDO DOURADO DO NASCIMENTO", "type": "membro", "active": true, "income": {"total": 39148.42, "wage": 37328.65, "perks": {"total": 0.0, "food": 0.0, "pre_school": 0, "health": 0.0, "birth_aid": 0.0, "housing_aid": 0.0, "subsistence": 0.0}, "other": {"total": 1819.77, "daily": 0.0, "others_total": 1819.77, "others": {"Abono de permanência": 0, "Abono constitucional de 1/3 de férias": 0.0, "Indenização de férias": 0.0, "Antecipação de férias": 0, "Gratificação natalina": 0.0, "Antecipação de gratificação natalina": 1819.77, "Substituição": 0, "Gratificação por exercício cumulativo": 0, "Gratificação por encargo Curso/Concurso": 0.0, "Pagamentos retroativos": 0.0, "JETON": 0.0}}}, "discounts": {"total": 191.13, "prev_contribution": 0.0, "ceil_retention": 0.0, "income_tax": 191.13, "others_total": 0.0, "others": {"Descontos Diversos": 0.0}}}, "JOSÉ ANTONIO DIAS TOFFOLI": {"name": "JOSÉ ANTONIO DIAS TOFFOLI", "type": "membro", "active": true, "income": {"total": 39293.32, "wage": 39293.32, "perks": {"total": 0.0, "food": 0.0, "pre_school": 0, "health": 0.0, "birth_aid": 0.0, "housing_aid": 0.0, "subsistence": 0.0}, "other": {"total": 0.0, "daily": 0.0, "others_total": 0.0, "others": {"Abono de permanência": 0, "Abono constitucional de 1/3 de férias": 0.0, "Indenização de férias": 0.0, "Antecipação de férias": 0, "Gratificação natalina": 0.0, "Antecipação de gratificação natalina": 0.0, "Substituição": 0, "Gratificação por exercício cumulativo": 0, "Gratificação por encargo Curso/Concurso": 0.0, "Pagamentos retroativos": 0.0, "JETON": 0.0}}}, "discounts": {"total": 0.0, "prev_contribution": 0.0, "ceil_retention": 0.0, "income_tax": 0.0, "others_total": 0.0, "others": {"Descontos Diversos": 0.0}}}, "KELLY CRISTINA OLIVEIRA COSTA": {"name": "KELLY CRISTINA OLIVEIRA COSTA", "type": "membro", "active": true, "income": {"total": 39148.42, "wage": 37328.65, "perks": {"total": 0.0, "food": 0.0, "pre_school": 0, "health": 0.0, "birth_aid": 0.0, "housing_aid": 0.0, "subsistence": 0.0}, "other": {"total": 1819.77, "daily": 0.0, "others_total": 1819.77, "others": {"Abono de permanência": 0, "Abono constitucional de 1/3 de férias": 0.0, "Indenização de férias": 0.0, "Antecipação de férias": 0, "Gratificação natalina": 0.0, "Antecipação de gratificação natalina": 1819.77, "Substituição": 0, "Gratificação por exercício cumulativo": 0, "Gratificação por encargo Curso/Concurso": 0.0, "Pagamentos retroativos": 0.0, "JETON": 0.0}}}, "discounts": {"total": 191.13, "prev_contribution": 0.0, "ceil_retention": 0.0, "income_tax": 191.13, "others_total": 0.0, "others": {"Descontos Diversos": 0.0}}}, "LÍVIA CRISTINA MARQUES PERES": {"name": "LÍVIA CRISTINA MARQUES PERES", "type": "membro", "active": true, "income": {"total": 39148.42, "wage": 37328.65, "perks": {"total": 0.0, "food": 0.0, "pre_school": 0, "health": 0.0, "birth_aid": 0.0, "housing_aid": 0.0, "subsistence": 0.0}, "other": {"total": 1819.77, "daily": 0.0, "others_total": 1819.77, "others": {"Abono de permanência": 0, "Abono constitucional de 1/3 de férias": 0.0, "Indenização de férias": 0.0, "Antecipação de férias": 0, "Gratificação natalina": 0.0, "Antecipação de gratificação natalina": 1819.77, "Substituição": 0, "Gratificação por exercício cumulativo": 0, "Gratificação por encargo Curso/Concurso": 0.0, "Pagamentos retroativos": 0.0, "JETON": 0.0}}}, "discounts": {"total": 191.13, "prev_contribution": 0.0, "ceil_retention": 0.0, "income_tax": 191.13, "others_total": 0.0, "others": {"Descontos Diversos": 0.0}}}, "LUÍS GERALDO SANT'ANA LANFREDI": {"name": "LUÍS GERALDO SANT'ANA LANFREDI", "type": "membro", "active": true, "income": {"total": 45448.42, "wage": 37328.65, "perks": {"total": 0.0, "food": 0.0, "pre_school": 0, "health": 0.0, "birth_aid": 0.0, "housing_aid": 0.0, "subsistence": 0.0}, "other": {"total": 4969.77, "daily": 3150.0, "others_total": 1819.77, "others": {"Abono de permanência": 0, "Abono constitucional de 1/3 de férias": 0.0, "Indenização de férias": 0.0, "Antecipação de férias": 0, "Gratificação natalina": 0.0, "Antecipação de gratificação natalina": 1819.77, "Substituição": 0, "Gratificação por exercício cumulativo": 0, "Gratificação por encargo Curso/Concurso": 0.0, "Pagamentos retroativos": 0.0, "JETON": 0.0}}}, "discounts": {"total": 191.13, "prev_contribution": 0.0, "ceil_retention": 0.0, "income_tax": 191.13, "others_total": 0.0, "others": {"Descontos Diversos": 0.0}}}, "LUIZ AUGUSTO BARRICHELLO NETO": {"name": "LUIZ AUGUSTO BARRICHELLO NETO", "type": "membro", "active": true, "income": {"total": 39148.42, "wage": 37328.65, "perks": {"total": 0.0, "food": 0.0, "pre_school": 0, "health": 0.0, "birth_aid": 0.0, "housing_aid": 0.0, "subsistence": 0.0}, "other": {"total": 1819.77, "daily": 0.0, "others_total": 1819.77, "others": {"Abono de permanência": 0, "Abono constitucional de 1/3 de férias": 0.0, "Indenização de férias": 0.0, "Antecipação de férias": 0, "Gratificação natalina": 0.0, "Antecipação de gratificação natalina": 1819.77, "Substituição": 0, "Gratificação por exercício cumulativo": 0, "Gratificação por encargo Curso/Concurso": 0.0, "Pagamentos retroativos": 0.0, "JETON": 0.0}}}, "discounts": {"total": 191.13, "prev_contribution": 0.0, "ceil_retention": 0.0, "income_tax": 191.13, "others_total": 0.0, "others": {"Descontos Diversos": 0.0}}}, "MARCIO DA SILVA ALEXANDRE": {"name": "MARCIO DA SILVA ALEXANDRE", "type": "membro", "active": true, "income": {"total": 39148.42, "wage": 37328.65, "perks": {"total": 0.0, "food": 0.0, "pre_school": 0, "health": 0.0, "birth_aid": 0.0, "housing_aid": 0.0, "subsistence": 0.0}, "other": {"total": 1819.77, "daily": 0.0, "others_total": 1819.77, "others": {"Abono de permanência": 0, "Abono constitucional de 1/3 de férias": 0.0, "Indenização de férias": 0.0, "Antecipação de férias": 0, "Gratificação natalina": 0.0, "Antecipação de gratificação natalina": 1819.77, "Substituição": 0, "Gratificação por exercício cumulativo": 0, "Gratificação por encargo Curso/Concurso": 0.0, "Pagamentos retroativos": 0.0, "JETON": 0.0}}}, "discounts": {"total": 191.13, "prev_contribution": 0.0, "ceil_retention": 0.0, "income_tax": 191.13, "others_total": 0.0, "others": {"Descontos Diversos": 0.0}}}, "MARCIO EVANGELISTA FERREIRA DA SILVA": {"name": "MARCIO EVANGELISTA FERREIRA DA SILVA", "type": "membro", "active": true, "income": {"total": 39148.42, "wage": 37328.65, "perks": {"total": 0.0, "food": 0.0, "pre_school": 0, "health": 0.0, "birth_aid": 0.0, "housing_aid": 0.0, "subsistence": 0.0}, "other": {"total": 1819.77, "daily": 0.0, "others_total": 1819.77, "others": {"Abono de permanência": 0, "Abono constitucional de 1/3 de férias": 0.0, "Indenização de férias": 0.0, "Antecipação de férias": 0, "Gratificação natalina": 0.0, "Antecipação de gratificação natalina": 1819.77, "Substituição": 0, "Gratificação por exercício cumulativo": 0, "Gratificação por encargo Curso/Concurso": 0.0, "Pagamentos retroativos": 0.0, "JETON": 0.0}}}, "discounts": {"total": 191.13, "prev_contribution": 0.0, "ceil_retention": 0.0, "income_tax": 191.13, "others_total": 0.0, "others": {"Descontos Diversos": 0.0}}}, "MARCIO LUIZ COELHO DE FREITAS": {"name": "MARCIO LUIZ COELHO DE FREITAS", "type": "membro", "active": true, "income": {"total": 39148.42, "wage": 37328.65, "perks": {"total": 0.0, "food": 0.0, "pre_school": 0, "health": 0.0, "birth_aid": 0.0, "housing_aid": 0.0, "subsistence": 0.0}, "other": {"total": 1819.77, "daily": 0.0, "others_total": 1819.77, "others": {"Abono de permanência": 0, "Abono constitucional de 1/3 de férias": 0.0, "Indenização de férias": 0.0, "Antecipação de férias": 0, "Gratificação natalina": 0.0, "Antecipação de gratificação natalina": 1819.77, "Substituição": 0, "Gratificação por exercício cumulativo": 0, "Gratificação por encargo Curso/Concurso": 0.0, "Pagamentos retroativos": 0.0, "JETON": 0.0}}}, "discounts": {"total": 191.13, "prev_contribution": 0.0, "ceil_retention": 0.0, "income_tax": 191.13, "others_total": 0.0, "others": {"Descontos Diversos": 0.0}}}, "MÁRCIO SCHIEFLER FONTES": {"name": "MÁRCIO SCHIEFLER FONTES", "type": "membro", "active": true, "income": {"total": 43743.21, "wage": 32074.85, "perks": {"total": 0.0, "food": 0.0, "pre_school": 0, "health": 0.0, "birth_aid": 0.0, "housing_aid": 0.0, "subsistence": 0.0}, "other": {"total": 6768.36, "daily": 4900.0, "others_total": 1868.36, "others": {"Abono de permanência": 0, "Abono constitucional de 1/3 de férias": 0.0, "Indenização de férias": 0.0, "Antecipação de férias": 0, "Gratificação natalina": 0.0, "Antecipação de gratificação natalina": 1868.36, "Substituição": 0, "Gratificação por exercício cumulativo": 0, "Gratificação por encargo Curso/Concurso": 0.0, "Pagamentos retroativos": 0.0, "JETON": 0.0}}}, "discounts": {"total": 205.71, "prev_contribution": 0.0, "ceil_retention": 0.0, "income_tax": 205.71, "others_total": 0.0, "others": {"Descontos Diversos": 0.0}}}, "MARIA IRACEMA MARTINS DO VALE": {"name": "MARIA IRACEMA MARTINS DO VALE", "type": "membro", "active": true, "income": {"total": 39661.87, "wage": 37328.65, "perks": {"total": 0.0, "food": 0.0, "pre_school": 0, "health": 0.0, "birth_aid": 0.0, "housing_aid": 0.0, "subsistence": 0.0}, "other": {"total": 1633.22, "daily": 700.0, "others_total": 933.22, "others": {"Abono de permanência": 0, "Abono constitucional de 1/3 de férias": 0.0, "Indenização de férias": 0.0, "Antecipação de férias": 0, "Gratificação natalina": 0.0, "Antecipação de gratificação natalina": 933.22, "Substituição": 0, "Gratificação por exercício cumulativo": 0, "Gratificação por encargo Curso/Concurso": 0.0, "Pagamentos retroativos": 0.0, "JETON": 0.0}}}, "discounts": {"total": 0.0, "prev_contribution": 0.0, "ceil_retention": 0.0, "income_tax": 0.0, "others_total": 0.0, "others": {"Descontos Diversos": 0.0}}}, "MARIA TEREZA UILLE GOMES": {"name": "MARIA TEREZA UILLE GOMES", "type": "membro", "active": true, "income": {"total": 43185.87, "wage": 32074.85, "perks": {"total": 910.08, "food": 910.08, "pre_school": 0, "health": 0.0, "birth_aid": 0.0, "housing_aid": 0.0, "subsistence": 0.0}, "other": {"total": 5300.94, "daily": 4900.0, "others_total": 400.94, "others": {"Abono de permanência": 0, "Abono constitucional de 1/3 de férias": 0.0, "Indenização de férias": 0.0, "Antecipação de férias": 0, "Gratificação natalina": 0.0, "Antecipação de gratificação natalina": 400.94, "Substituição": 0, "Gratificação por exercício cumulativo": 0, "Gratificação por encargo Curso/Concurso": 0.0, "Pagamentos retroativos": 0.0, "JETON": 0.0}}}, "discounts": {"total": 128.29, "prev_contribution": 128.29, "ceil_retention": 0.0, "income_tax": 0.0, "others_total": 0.0, "others": {"Descontos Diversos": 0.0}}}, "MIGUEL ANGELO DE ALVARENGA LOPES": {"name": "MIGUEL ANGELO DE ALVARENGA LOPES", "type": "membro", "active": true, "income": {"total": 39148.42, "wage": 37328.65, "perks": {"total": 0.0, "food": 0.0, "pre_school": 0, "health": 0.0, "birth_aid": 0.0, "housing_aid": 0.0, "subsistence": 0.0}, "other": {"total": 1819.77, "daily": 0.0, "others_total": 1819.77, "others": {"Abono de permanência": 0, "Abono constitucional de 1/3 de férias": 0.0, "Indenização de férias": 0.0, "Antecipação de férias": 0, "Gratificação natalina": 0.0, "Antecipação de gratificação natalina": 1819.77, "Substituição": 0, "Gratificação por exercício cumulativo": 0, "Gratificação por encargo Curso/Concurso": 0.0, "Pagamentos retroativos": 0.0, "JETON": 0.0}}}, "discounts": {"total": 191.13, "prev_contribution": 0.0, "ceil_retention": 0.0, "income_tax": 191.13, "others_total": 0.0, "others": {"Descontos Diversos": 0.0}}}, "NARTIR DANTAS WEBER": {"name": "NARTIR DANTAS WEBER", "type": "membro", "active": true, "income": {"total": 33836.57, "wage": 32074.85, "perks": {"total": 0.0, "food": 0.0, "pre_school": 0, "health": 0.0, "birth_aid": 0.0, "housing_aid": 0.0, "subsistence": 0.0}, "other": {"total": 1761.72, "daily": 0.0, "others_total": 1761.72, "others": {"Abono de permanência": 0, "Abono constitucional de 1/3 de férias": 0.0, "Indenização de férias": 0.0, "Antecipação de férias": 0, "Gratificação natalina": 0.0, "Antecipação de gratificação natalina": 1761.72, "Substituição": 0, "Gratificação por exercício cumulativo": 0, "Gratificação por encargo Curso/Concurso": 0.0, "Pagamentos retroativos": 0.0, "JETON": 0.0}}}, "discounts": {"total": 173.71, "prev_contribution": 0.0, "ceil_retention": 0.0, "income_tax": 173.71, "others_total": 0.0, "others": {"Descontos Diversos": 0.0}}}, "RICHARD PAE KIM": {"name": "RICHARD PAE KIM", "type": "membro", "active": true, "income": {"total": 96732.18, "wage": 37328.65, "perks": {"total": 1853.16, "food": 0.0, "pre_school": 0, "health": 1853.16, "birth_aid": 0.0, "housing_aid": 0.0, "subsistence": 0.0}, "other": {"total": 29685.07, "daily": 27865.3, "others_total": 1819.77, "others": {"Abono de permanência": 0, "Abono constitucional de 1/3 de férias": 0.0, "Indenização de férias": 0.0, "Antecipação de férias": 0, "Gratificação natalina": 0.0, "Antecipação de gratificação natalina": 1819.77, "Substituição": 0, "Gratificação por exercício cumulativo": 0, "Gratificação por encargo Curso/Concurso": 0.0, "Pagamentos retroativos": 0.0, "JETON": 0.0}}}, "discounts": {"total": 191.13, "prev_contribution": 0.0, "ceil_retention": 0.0, "income_tax": 191.13, "others_total": 0.0, "others": {"Descontos Diversos": 0.0}}}, "RODRIGO CAPEZ": {"name": "RODRIGO CAPEZ", "type": "membro", "active": true, "income": {"total": 39148.42, "wage": 37328.65, "perks": {"total": 0.0, "food": 0.0, "pre_school": 0, "health": 0.0, "birth_aid": 0.0, "housing_aid": 0.0, "subsistence": 0.0}, "other": {"total": 1819.77, "daily": 0.0, "others_total": 1819.77, "others": {"Abono de permanência": 0, "Abono constitucional de 1/3 de férias": 0.0, "Indenização de férias": 0.0, "Antecipação de férias": 0, "Gratificação natalina": 0.0, "Antecipação de gratificação natalina": 1819.77, "Substituição": 0, "Gratificação por exercício cumulativo": 0, "Gratificação por encargo Curso/Concurso": 0.0, "Pagamentos retroativos": 0.0, "JETON": 0.0}}}, "discounts": {"total": 191.13, "prev_contribution": 0.0, "ceil_retention": 0.0, "income_tax": 191.13, "others_total": 0.0, "others": {"Descontos Diversos": 0.0}}}, "SANDRA APARECIDA SILVESTRE DE FRIAS TORRES": {"name": "SANDRA APARECIDA SILVESTRE DE FRIAS TORRES", "type": "membro", "active": true, "income": {"total": 39148.42, "wage": 37328.65, "perks": {"total": 0.0, "food": 0.0, "pre_school": 0, "health": 0.0, "birth_aid": 0.0, "housing_aid": 0.0, "subsistence": 0.0}, "other": {"total": 1819.77, "daily": 0.0, "others_total": 1819.77, "others": {"Abono de permanência": 0, "Abono constitucional de 1/3 de férias": 0.0, "Indenização de férias": 0.0, "Antecipação de férias": 0, "Gratificação natalina": 0.0, "Antecipação de gratificação natalina": 1819.77, "Substituição": 0, "Gratificação por exercício cumulativo": 0, "Gratificação por encargo Curso/Concurso": 0.0, "Pagamentos retroativos": 0.0, "JETON": 0.0}}}, "discounts": {"total": 191.13, "prev_contribution": 0.0, "ceil_retention": 0.0, "income_tax": 191.13, "others_total": 0.0, "others": {"Descontos Diversos": 0.0}}}, "SERGIO RICARDO DE SOUZA": {"name": "SERGIO RICARDO DE SOUZA", "type": "membro", "active": true, "income": {"total": 39148.42, "wage": 37328.65, "perks": {"total": 0.0, "food": 0.0, "pre_school": 0, "health": 0.0, "birth_aid": 0.0, "housing_aid": 0.0, "subsistence": 0.0}, "other": {"total": 1819.77, "daily": 0.0, "others_total": 1819.77, "others": {"Abono de permanência": 0, "Abono constitucional de 1/3 de férias": 0.0, "Indenização de férias": 0.0, "Antecipação de férias": 0, "Gratificação natalina": 0.0, "Antecipação de gratificação natalina": 1819.77, "Substituição": 0, "Gratificação por exercício cumulativo": 0, "Gratificação por encargo Curso/Concurso": 0.0, "Pagamentos retroativos": 0.0, "JETON": 0.0}}}, "discounts": {"total": 191.13, "prev_contribution": 0.0, "ceil_retention": 0.0, "income_tax": 191.13, "others_total": 0.0, "others": {"Descontos Diversos": 0.0}}}, "VALDETARIO ANDRADE MONTEIRO": {"name": "VALDETARIO ANDRADE MONTEIRO", "type": "membro", "active": true, "income": {"total": 62359.75, "wage": 37328.65, "perks": {"total": 6366.77, "food": 910.08, "pre_school": 0, "health": 1297.84, "birth_aid": 0.0, "housing_aid": 4158.85, "subsistence": 0.0}, "other": {"total": 18664.33, "daily": 0.0, "others_total": 18664.33, "others": {"Abono de permanência": 0, "Abono constitucional de 1/3 de férias": 0.0, "Indenização de férias": 0.0, "Antecipação de férias": 0, "Gratificação natalina": 0.0, "Antecipação de gratificação natalina": 18664.33, "Substituição": 0, "Gratificação por exercício cumulativo": 0, "Gratificação por encargo Curso/Concurso": 0.0, "Pagamentos retroativos": 0.0, "JETON": 0.0}}}, "discounts": {"total": 9861.72, "prev_contribution": 642.34, "ceil_retention": 0.0, "income_tax": 9219.38, "others_total": 0.0, "others": {"Descontos Diversos": 0.0}}}, "VALTERCIO RONALDO DE OLIVEIRA": {"name": "VALTERCIO RONALDO DE OLIVEIRA", "type": "membro", "active": true, "income": {"total": 48061.87, "wage": 37328.65, "perks": {"total": 0.0, "food": 0.0, "pre_school": 0, "health": 0.0, "birth_aid": 0.0, "housing_aid": 0.0, "subsistence": 0.0}, "other": {"total": 5833.22, "daily": 4900.0, "others_total": 933.22, "others": {"Abono de permanência": 0, "Abono constitucional de 1/3 de férias": 0.0, "Indenização de férias": 0.0, "Antecipação de férias": 0, "Gratificação natalina": 0.0, "Antecipação de gratificação natalina": 933.22, "Substituição": 0, "Gratificação por exercício cumulativo": 0, "Gratificação por encargo Curso/Concurso": 0.0, "Pagamentos retroativos": 0.0, "JETON": 0.0}}}, "discounts": {"total": 0.0, "prev_contribution": 0.0, "ceil_retention": 0.0, "income_tax": 0.0, "others_total": 0.0, "others": {"Descontos Diversos": 0.0}}}}, "timestamp": "2021-03-29T15:31:15-03:00"}}