{"cr": {"aid": "cnj", "month": 12, "year": 2018, "files": [], "crawler": {"id": "cnj", "version": "ec380c3dfeb6636a98177ec17c2de19628669364"}, "employees": {"ADHAILTON LACET CORREIA PORTO": {"name": "ADHAILTON LACET CORREIA PORTO", "type": "membro", "active": true, "income": {"total": 463.16, "wage": 0.0, "perks": {"total": 0.0, "food": 0.0, "pre_school": 0, "health": 0.0, "birth_aid": 0.0, "housing_aid": 0.0, "subsistence": 0.0}, "other": {"total": 463.16, "daily": 0.0, "others_total": 463.16, "others": {"Abono de permanência": 0, "Abono constitucional de 1/3 de férias": 0.0, "Indenização de férias": 0.0, "Antecipação de férias": 0, "Gratificação natalina": 0.0, "Antecipação de gratificação natalina": 0.0, "Substituição": 0, "Gratificação por exercício cumulativo": 0, "Gratificação por encargo Curso/Concurso": 463.16, "Pagamentos retroativos": 0.0, "JETON": 0.0}}}, "discounts": {"total": 0.0, "prev_contribution": 0.0, "ceil_retention": 0.0, "income_tax": 0.0, "others_total": 0.0, "others": {"Descontos Diversos": 0.0}}}, "ADRIANA LINS DE OLIVEIRA BEZERRA": {"name": "ADRIANA LINS DE OLIVEIRA BEZERRA", "type": "membro", "active": true, "income": {"total": 4631.61, "wage": 0.0, "perks": {"total": 0.0, "food": 0.0, "pre_school": 0, "health": 0.0, "birth_aid": 0.0, "housing_aid": 0.0, "subsistence": 0.0}, "other": {"total": 4631.61, "daily": 0.0, "others_total": 4631.61, "others": {"Abono de permanência": 0, "Abono constitucional de 1/3 de férias": 0.0, "Indenização de férias": 0.0, "Antecipação de férias": 0, "Gratificação natalina": 0.0, "Antecipação de gratificação natalina": 0.0, "Substituição": 0, "Gratificação por exercício cumulativo": 0, "Gratificação por encargo Curso/Concurso": 4631.61, "Pagamentos retroativos": 0.0, "JETON": 0.0}}}, "discounts": {"total": 1272.05, "prev_contribution": 0.0, "ceil_retention": 0.0, "income_tax": 1272.05, "others_total": 0.0, "others": {"Descontos Diversos": 0.0}}}, "ALESSANDRA VARANDAS PAIVA MADRUGA DE OLIVEIRA LIMA": {"name": "ALESSANDRA VARANDAS PAIVA MADRUGA DE OLIVEIRA LIMA", "type": "membro", "active": true, "income": {"total": 4631.61, "wage": 0.0, "perks": {"total": 0.0, "food": 0.0, "pre_school": 0, "health": 0.0, "birth_aid": 0.0, "housing_aid": 0.0, "subsistence": 0.0}, "other": {"total": 4631.61, "daily": 0.0, "others_total": 4631.61, "others": {"Abono de permanência": 0, "Abono constitucional de 1/3 de férias": 0.0, "Indenização de férias": 0.0, "Antecipação de férias": 0, "Gratificação natalina": 0.0, "Antecipação de gratificação natalina": 0.0, "Substituição": 0, "Gratificação por exercício cumulativo": 0, "Gratificação por encargo Curso/Concurso": 4631.61, "Pagamentos retroativos": 0.0, "JETON": 0.0}}}, "discounts": {"total": 1272.05, "prev_contribution": 0.0, "ceil_retention": 0.0, "income_tax": 1272.05, "others_total": 0.0, "others": {"Descontos Diversos": 0.0}}}, "ANA FLAVIA DE CARVALHO DIAS": {"name": "ANA FLAVIA DE CARVALHO DIAS", "type": "membro", "active": true, "income": {"total": 4322.84, "wage": 0.0, "perks": {"total": 0.0, "food": 0.0, "pre_school": 0, "health": 0.0, "birth_aid": 0.0, "housing_aid": 0.0, "subsistence": 0.0}, "other": {"total": 4322.84, "daily": 0.0, "others_total": 4322.84, "others": {"Abono de permanência": 0, "Abono constitucional de 1/3 de férias": 0.0, "Indenização de férias": 0.0, "Antecipação de férias": 0, "Gratificação natalina": 0.0, "Antecipação de gratificação natalina": 0.0, "Substituição": 0, "Gratificação por exercício cumulativo": 0, "Gratificação por encargo Curso/Concurso": 4322.84, "Pagamentos retroativos": 0.0, "JETON": 0.0}}}, "discounts": {"total": 1187.13, "prev_contribution": 0.0, "ceil_retention": 0.0, "income_tax": 1187.13, "others_total": 0.0, "others": {"Descontos Diversos": 0.0}}}, "ANDREIA SILVA MATOS": {"name": "ANDREIA SILVA MATOS", "type": "membro", "active": true, "income": {"total": 4631.61, "wage": 0.0, "perks": {"total": 0.0, "food": 0.0, "pre_school": 0, "health": 0.0, "birth_aid": 0.0, "housing_aid": 0.0, "subsistence": 0.0}, "other": {"total": 4631.61, "daily": 0.0, "others_total": 4631.61, "others": {"Abono de permanência": 0, "Abono constitucional de 1/3 de férias": 0.0, "Indenização de férias": 0.0, "Antecipação de férias": 0, "Gratificação natalina": 0.0, "Antecipação de gratificação natalina": 0.0, "Substituição": 0, "Gratificação por exercício cumulativo": 0, "Gratificação por encargo Curso/Concurso": 4631.61, "Pagamentos retroativos": 0.0, "JETON": 0.0}}}, "discounts": {"total": 1272.05, "prev_contribution": 0.0, "ceil_retention": 0.0, "income_tax": 1272.05, "others_total": 0.0, "others": {"Descontos Diversos": 0.0}}}, "ANDRESSA TORQUATO SILVA": {"name": "ANDRESSA TORQUATO SILVA", "type": "membro", "active": true, "income": {"total": 4322.84, "wage": 0.0, "perks": {"total": 0.0, "food": 0.0, "pre_school": 0, "health": 0.0, "birth_aid": 0.0, "housing_aid": 0.0, "subsistence": 0.0}, "other": {"total": 4322.84, "daily": 0.0, "others_total": 4322.84, "others": {"Abono de permanência": 0, "Abono constitucional de 1/3 de férias": 0.0, "Indenização de férias": 0.0, "Antecipação de férias": 0, "Gratificação natalina": 0.0, "Antecipação de gratificação natalina": 0.0, "Substituição": 0, "Gratificação por exercício cumulativo": 0, "Gratificação por encargo Curso/Concurso": 4322.84, "Pagamentos retroativos": 0.0, "JETON": 0.0}}}, "discounts": {"total": 1163.97, "prev_contribution": 0.0, "ceil_retention": 0.0, "income_tax": 1163.97, "others_total": 0.0, "others": {"Descontos Diversos": 0.0}}}, "ANTÔNIO CARNEIRO DE PAIVA JÚNIOR": {"name": "ANTÔNIO CARNEIRO DE PAIVA JÚNIOR", "type": "membro", "active": true, "income": {"total": 13711.95, "wage": 0.0, "perks": {"total": 0.0, "food": 0.0, "pre_school": 0, "health": 0.0, "birth_aid": 0.0, "housing_aid": 0.0, "subsistence": 0.0}, "other": {"total": 13711.95, "daily": 0.0, "others_total": 13711.95, "others": {"Abono de permanência": 0, "Abono constitucional de 1/3 de férias": 0.0, "Indenização de férias": 0.0, "Antecipação de férias": 0, "Gratificação natalina": 0.0, "Antecipação de gratificação natalina": 0.0, "Substituição": 0, "Gratificação por exercício cumulativo": 0, "Gratificação por encargo Curso/Concurso": 0.0, "Pagamentos retroativos": 0.0, "JETON": 13711.95}}}, "discounts": {"total": 3770.78, "prev_contribution": 0.0, "ceil_retention": 0.0, "income_tax": 3770.78, "others_total": 0.0, "others": {"Descontos Diversos": 0.0}}}, "ANTONIO EIMAR DE LIMA": {"name": "ANTONIO EIMAR DE LIMA", "type": "membro", "active": true, "income": {"total": 4631.61, "wage": 0.0, "perks": {"total": 0.0, "food": 0.0, "pre_school": 0, "health": 0.0, "birth_aid": 0.0, "housing_aid": 0.0, "subsistence": 0.0}, "other": {"total": 4631.61, "daily": 0.0, "others_total": 4631.61, "others": {"Abono de permanência": 0, "Abono constitucional de 1/3 de férias": 0.0, "Indenização de férias": 0.0, "Antecipação de férias": 0, "Gratificação natalina": 0.0, "Antecipação de gratificação natalina": 0.0, "Substituição": 0, "Gratificação por exercício cumulativo": 0, "Gratificação por encargo Curso/Concurso": 4631.61, "Pagamentos retroativos": 0.0, "JETON": 0.0}}}, "discounts": {"total": 1272.05, "prev_contribution": 0.0, "ceil_retention": 0.0, "income_tax": 1272.05, "others_total": 0.0, "others": {"Descontos Diversos": 0.0}}}, "ANTONIO EUGENIO LEITE FERREIRA NETO": {"name": "ANTONIO EUGENIO LEITE FERREIRA NETO", "type": "membro", "active": true, "income": {"total": 4536.84, "wage": 0.0, "perks": {"total": 0.0, "food": 0.0, "pre_school": 0, "health": 0.0, "birth_aid": 0.0, "housing_aid": 0.0, "subsistence": 0.0}, "other": {"total": 3580.71, "daily": 956.13, "others_total": 2624.58, "others": {"Abono de permanência": 0, "Abono constitucional de 1/3 de férias": 0.0, "Indenização de férias": 0.0, "Antecipação de férias": 0, "Gratificação natalina": 0.0, "Antecipação de gratificação natalina": 0.0, "Substituição": 0, "Gratificação por exercício cumulativo": 0, "Gratificação por encargo Curso/Concurso": 2624.58, "Pagamentos retroativos": 0.0, "JETON": 0.0}}}, "discounts": {"total": 721.76, "prev_contribution": 0.0, "ceil_retention": 0.0, "income_tax": 721.76, "others_total": 0.0, "others": {"Descontos Diversos": 0.0}}}, "ANTONIO LEOBALDO MONTEIRO DE MELO": {"name": "ANTONIO LEOBALDO MONTEIRO DE MELO", "type": "membro", "active": true, "income": {"total": 4631.61, "wage": 0.0, "perks": {"total": 0.0, "food": 0.0, "pre_school": 0, "health": 0.0, "birth_aid": 0.0, "housing_aid": 0.0, "subsistence": 0.0}, "other": {"total": 4631.61, "daily": 0.0, "others_total": 4631.61, "others": {"Abono de permanência": 0, "Abono constitucional de 1/3 de férias": 0.0, "Indenização de férias": 0.0, "Antecipação de férias": 0, "Gratificação natalina": 0.0, "Antecipação de gratificação natalina": 0.0, "Substituição": 0, "Gratificação por exercício cumulativo": 0, "Gratificação por encargo Curso/Concurso": 4631.61, "Pagamentos retroativos": 0.0, "JETON": 0.0}}}, "discounts": {"total": 1233.44, "prev_contribution": 0.0, "ceil_retention": 0.0, "income_tax": 1233.44, "others_total": 0.0, "others": {"Descontos Diversos": 0.0}}}, "ANTONIO SERGIO LOPES": {"name": "ANTONIO SERGIO LOPES", "type": "membro", "active": true, "income": {"total": 4631.61, "wage": 0.0, "perks": {"total": 0.0, "food": 0.0, "pre_school": 0, "health": 0.0, "birth_aid": 0.0, "housing_aid": 0.0, "subsistence": 0.0}, "other": {"total": 4631.61, "daily": 0.0, "others_total": 4631.61, "others": {"Abono de permanência": 0, "Abono constitucional de 1/3 de férias": 0.0, "Indenização de férias": 0.0, "Antecipação de férias": 0, "Gratificação natalina": 0.0, "Antecipação de gratificação natalina": 0.0, "Substituição": 0, "Gratificação por exercício cumulativo": 0, "Gratificação por encargo Curso/Concurso": 4631.61, "Pagamentos retroativos": 0.0, "JETON": 0.0}}}, "discounts": {"total": 1272.05, "prev_contribution": 0.0, "ceil_retention": 0.0, "income_tax": 1272.05, "others_total": 0.0, "others": {"Descontos Diversos": 0.0}}}, "ANTONIO SILVEIRA NETO": {"name": "ANTONIO SILVEIRA NETO", "type": "membro", "active": true, "income": {"total": 4322.84, "wage": 0.0, "perks": {"total": 0.0, "food": 0.0, "pre_school": 0, "health": 0.0, "birth_aid": 0.0, "housing_aid": 0.0, "subsistence": 0.0}, "other": {"total": 4322.84, "daily": 0.0, "others_total": 4322.84, "others": {"Abono de permanência": 0, "Abono constitucional de 1/3 de férias": 0.0, "Indenização de férias": 0.0, "Antecipação de férias": 0, "Gratificação natalina": 0.0, "Antecipação de gratificação natalina": 0.0, "Substituição": 0, "Gratificação por exercício cumulativo": 0, "Gratificação por encargo Curso/Concurso": 4322.84, "Pagamentos retroativos": 0.0, "JETON": 0.0}}}, "discounts": {"total": 1188.78, "prev_contribution": 0.0, "ceil_retention": 0.0, "income_tax": 1188.78, "others_total": 0.0, "others": {"Descontos Diversos": 0.0}}}, "ANYFRANCIS ARAUJO DA SILVA": {"name": "ANYFRANCIS ARAUJO DA SILVA", "type": "membro", "active": true, "income": {"total": 4631.61, "wage": 0.0, "perks": {"total": 0.0, "food": 0.0, "pre_school": 0, "health": 0.0, "birth_aid": 0.0, "housing_aid": 0.0, "subsistence": 0.0}, "other": {"total": 4631.61, "daily": 0.0, "others_total": 4631.61, "others": {"Abono de permanência": 0, "Abono constitucional de 1/3 de férias": 0.0, "Indenização de férias": 0.0, "Antecipação de férias": 0, "Gratificação natalina": 0.0, "Antecipação de gratificação natalina": 0.0, "Substituição": 0, "Gratificação por exercício cumulativo": 0, "Gratificação por encargo Curso/Concurso": 4631.61, "Pagamentos retroativos": 0.0, "JETON": 0.0}}}, "discounts": {"total": 1272.05, "prev_contribution": 0.0, "ceil_retention": 0.0, "income_tax": 1272.05, "others_total": 0.0, "others": {"Descontos Diversos": 0.0}}}, "ARTHUR MONTEIRO LINS FIALHO": {"name": "ARTHUR MONTEIRO LINS FIALHO", "type": "membro", "active": true, "income": {"total": 13711.95, "wage": 0.0, "perks": {"total": 0.0, "food": 0.0, "pre_school": 0, "health": 0.0, "birth_aid": 0.0, "housing_aid": 0.0, "subsistence": 0.0}, "other": {"total": 13711.95, "daily": 0.0, "others_total": 13711.95, "others": {"Abono de permanência": 0, "Abono constitucional de 1/3 de férias": 0.0, "Indenização de férias": 0.0, "Antecipação de férias": 0, "Gratificação natalina": 0.0, "Antecipação de gratificação natalina": 0.0, "Substituição": 0, "Gratificação por exercício cumulativo": 0, "Gratificação por encargo Curso/Concurso": 0.0, "Pagamentos retroativos": 0.0, "JETON": 13711.95}}}, "discounts": {"total": 4221.04, "prev_contribution": 621.04, "ceil_retention": 0.0, "income_tax": 3600.0, "others_total": 0.0, "others": {"Descontos Diversos": 0.0}}}, "BARBARA BORTOLUZZI EMMERICH": {"name": "BARBARA BORTOLUZZI EMMERICH", "type": "membro", "active": true, "income": {"total": 4631.61, "wage": 0.0, "perks": {"total": 0.0, "food": 0.0, "pre_school": 0, "health": 0.0, "birth_aid": 0.0, "housing_aid": 0.0, "subsistence": 0.0}, "other": {"total": 4631.61, "daily": 0.0, "others_total": 4631.61, "others": {"Abono de permanência": 0, "Abono constitucional de 1/3 de férias": 0.0, "Indenização de férias": 0.0, "Antecipação de férias": 0, "Gratificação natalina": 0.0, "Antecipação de gratificação natalina": 0.0, "Substituição": 0, "Gratificação por exercício cumulativo": 0, "Gratificação por encargo Curso/Concurso": 4631.61, "Pagamentos retroativos": 0.0, "JETON": 0.0}}}, "discounts": {"total": 1241.17, "prev_contribution": 0.0, "ceil_retention": 0.0, "income_tax": 1241.17, "others_total": 0.0, "others": {"Descontos Diversos": 0.0}}}, "BARTOLOMEU CORREIA LIMA FILHO": {"name": "BARTOLOMEU CORREIA LIMA FILHO", "type": "membro", "active": true, "income": {"total": 463.16, "wage": 0.0, "perks": {"total": 0.0, "food": 0.0, "pre_school": 0, "health": 0.0, "birth_aid": 0.0, "housing_aid": 0.0, "subsistence": 0.0}, "other": {"total": 463.16, "daily": 0.0, "others_total": 463.16, "others": {"Abono de permanência": 0, "Abono constitucional de 1/3 de férias": 0.0, "Indenização de férias": 0.0, "Antecipação de férias": 0, "Gratificação natalina": 0.0, "Antecipação de gratificação natalina": 0.0, "Substituição": 0, "Gratificação por exercício cumulativo": 0, "Gratificação por encargo Curso/Concurso": 463.16, "Pagamentos retroativos": 0.0, "JETON": 0.0}}}, "discounts": {"total": 0.0, "prev_contribution": 0.0, "ceil_retention": 0.0, "income_tax": 0.0, "others_total": 0.0, "others": {"Descontos Diversos": 0.0}}}, "BERNARDO ANTONIO DA SILVA LACERDA": {"name": "BERNARDO ANTONIO DA SILVA LACERDA", "type": "membro", "active": true, "income": {"total": 4477.22, "wage": 0.0, "perks": {"total": 0.0, "food": 0.0, "pre_school": 0, "health": 0.0, "birth_aid": 0.0, "housing_aid": 0.0, "subsistence": 0.0}, "other": {"total": 4477.22, "daily": 0.0, "others_total": 4477.22, "others": {"Abono de permanência": 0, "Abono constitucional de 1/3 de férias": 0.0, "Indenização de férias": 0.0, "Antecipação de férias": 0, "Gratificação natalina": 0.0, "Antecipação de gratificação natalina": 0.0, "Substituição": 0, "Gratificação por exercício cumulativo": 0, "Gratificação por encargo Curso/Concurso": 4477.22, "Pagamentos retroativos": 0.0, "JETON": 0.0}}}, "discounts": {"total": 1229.59, "prev_contribution": 0.0, "ceil_retention": 0.0, "income_tax": 1229.59, "others_total": 0.0, "others": {"Descontos Diversos": 0.0}}}, "BRUNNA MELGACO ALVES": {"name": "BRUNNA MELGACO ALVES", "type": "membro", "active": true, "income": {"total": 463.16, "wage": 0.0, "perks": {"total": 0.0, "food": 0.0, "pre_school": 0, "health": 0.0, "birth_aid": 0.0, "housing_aid": 0.0, "subsistence": 0.0}, "other": {"total": 463.16, "daily": 0.0, "others_total": 463.16, "others": {"Abono de permanência": 0, "Abono constitucional de 1/3 de férias": 0.0, "Indenização de férias": 0.0, "Antecipação de férias": 0, "Gratificação natalina": 0.0, "Antecipação de gratificação natalina": 0.0, "Substituição": 0, "Gratificação por exercício cumulativo": 0, "Gratificação por encargo Curso/Concurso": 463.16, "Pagamentos retroativos": 0.0, "JETON": 0.0}}}, "discounts": {"total": 0.0, "prev_contribution": 0.0, "ceil_retention": 0.0, "income_tax": 0.0, "others_total": 0.0, "others": {"Descontos Diversos": 0.0}}}, "CARLOS GUSTAVO GUIMARAES ALBERGARIA BARRETO": {"name": "CARLOS GUSTAVO GUIMARAES ALBERGARIA BARRETO", "type": "membro", "active": true, "income": {"total": 4168.45, "wage": 0.0, "perks": {"total": 0.0, "food": 0.0, "pre_school": 0, "health": 0.0, "birth_aid": 0.0, "housing_aid": 0.0, "subsistence": 0.0}, "other": {"total": 4168.45, "daily": 0.0, "others_total": 4168.45, "others": {"Abono de permanência": 0, "Abono constitucional de 1/3 de férias": 0.0, "Indenização de férias": 0.0, "Antecipação de férias": 0, "Gratificação natalina": 0.0, "Antecipação de gratificação natalina": 0.0, "Substituição": 0, "Gratificação por exercício cumulativo": 0, "Gratificação por encargo Curso/Concurso": 4168.45, "Pagamentos retroativos": 0.0, "JETON": 0.0}}}, "discounts": {"total": 1146.32, "prev_contribution": 0.0, "ceil_retention": 0.0, "income_tax": 1146.32, "others_total": 0.0, "others": {"Descontos Diversos": 0.0}}}, "CARLOS MARTINS BELTRÃO FILHO": {"name": "CARLOS MARTINS BELTRÃO FILHO", "type": "membro", "active": true, "income": {"total": 13711.95, "wage": 0.0, "perks": {"total": 0.0, "food": 0.0, "pre_school": 0, "health": 0.0, "birth_aid": 0.0, "housing_aid": 0.0, "subsistence": 0.0}, "other": {"total": 13711.95, "daily": 0.0, "others_total": 13711.95, "others": {"Abono de permanência": 0, "Abono constitucional de 1/3 de férias": 0.0, "Indenização de férias": 0.0, "Antecipação de férias": 0, "Gratificação natalina": 0.0, "Antecipação de gratificação natalina": 0.0, "Substituição": 0, "Gratificação por exercício cumulativo": 0, "Gratificação por encargo Curso/Concurso": 0.0, "Pagamentos retroativos": 0.0, "JETON": 13711.95}}}, "discounts": {"total": 3770.78, "prev_contribution": 0.0, "ceil_retention": 0.0, "income_tax": 3770.78, "others_total": 0.0, "others": {"Descontos Diversos": 0.0}}}, "CARMEN HELEN AGRA DE BRITO": {"name": "CARMEN HELEN AGRA DE BRITO", "type": "membro", "active": true, "income": {"total": 463.16, "wage": 0.0, "perks": {"total": 0.0, "food": 0.0, "pre_school": 0, "health": 0.0, "birth_aid": 0.0, "housing_aid": 0.0, "subsistence": 0.0}, "other": {"total": 463.16, "daily": 0.0, "others_total": 463.16, "others": {"Abono de permanência": 0, "Abono constitucional de 1/3 de férias": 0.0, "Indenização de férias": 0.0, "Antecipação de férias": 0, "Gratificação natalina": 0.0, "Antecipação de gratificação natalina": 0.0, "Substituição": 0, "Gratificação por exercício cumulativo": 0, "Gratificação por encargo Curso/Concurso": 463.16, "Pagamentos retroativos": 0.0, "JETON": 0.0}}}, "discounts": {"total": 0.0, "prev_contribution": 0.0, "ceil_retention": 0.0, "income_tax": 0.0, "others_total": 0.0, "others": {"Descontos Diversos": 0.0}}}, "CAROLINE SILVESTRINI DE CAMPOS ROCHA": {"name": "CAROLINE SILVESTRINI DE CAMPOS ROCHA", "type": "membro", "active": true, "income": {"total": 2007.03, "wage": 0.0, "perks": {"total": 0.0, "food": 0.0, "pre_school": 0, "health": 0.0, "birth_aid": 0.0, "housing_aid": 0.0, "subsistence": 0.0}, "other": {"total": 2007.03, "daily": 0.0, "others_total": 2007.03, "others": {"Abono de permanência": 0, "Abono constitucional de 1/3 de férias": 0.0, "Indenização de férias": 0.0, "Antecipação de férias": 0, "Gratificação natalina": 0.0, "Antecipação de gratificação natalina": 0.0, "Substituição": 0, "Gratificação por exercício cumulativo": 0, "Gratificação por encargo Curso/Concurso": 2007.03, "Pagamentos retroativos": 0.0, "JETON": 0.0}}}, "discounts": {"total": 550.29, "prev_contribution": 0.0, "ceil_retention": 0.0, "income_tax": 550.29, "others_total": 0.0, "others": {"Descontos Diversos": 0.0}}}, "CLARA DE FARIA QUEIROZ": {"name": "CLARA DE FARIA QUEIROZ", "type": "membro", "active": true, "income": {"total": 4477.22, "wage": 0.0, "perks": {"total": 0.0, "food": 0.0, "pre_school": 0, "health": 0.0, "birth_aid": 0.0, "housing_aid": 0.0, "subsistence": 0.0}, "other": {"total": 4477.22, "daily": 0.0, "others_total": 4477.22, "others": {"Abono de permanência": 0, "Abono constitucional de 1/3 de férias": 0.0, "Indenização de férias": 0.0, "Antecipação de férias": 0, "Gratificação natalina": 0.0, "Antecipação de gratificação natalina": 0.0, "Substituição": 0, "Gratificação por exercício cumulativo": 0, "Gratificação por encargo Curso/Concurso": 4477.22, "Pagamentos retroativos": 0.0, "JETON": 0.0}}}, "discounts": {"total": 1206.43, "prev_contribution": 0.0, "ceil_retention": 0.0, "income_tax": 1206.43, "others_total": 0.0, "others": {"Descontos Diversos": 0.0}}}, "DAYSE MARIA PINHEIRO MOTA": {"name": "DAYSE MARIA PINHEIRO MOTA", "type": "membro", "active": true, "income": {"total": 463.16, "wage": 0.0, "perks": {"total": 0.0, "food": 0.0, "pre_school": 0, "health": 0.0, "birth_aid": 0.0, "housing_aid": 0.0, "subsistence": 0.0}, "other": {"total": 463.16, "daily": 0.0, "others_total": 463.16, "others": {"Abono de permanência": 0, "Abono constitucional de 1/3 de férias": 0.0, "Indenização de férias": 0.0, "Antecipação de férias": 0, "Gratificação natalina": 0.0, "Antecipação de gratificação natalina": 0.0, "Substituição": 0, "Gratificação por exercício cumulativo": 0, "Gratificação por encargo Curso/Concurso": 463.16, "Pagamentos retroativos": 0.0, "JETON": 0.0}}}, "discounts": {"total": 0.0, "prev_contribution": 0.0, "ceil_retention": 0.0, "income_tax": 0.0, "others_total": 0.0, "others": {"Descontos Diversos": 0.0}}}, "DIEGO GARCIA OLIVEIRA": {"name": "DIEGO GARCIA OLIVEIRA", "type": "membro", "active": true, "income": {"total": 4014.06, "wage": 0.0, "perks": {"total": 0.0, "food": 0.0, "pre_school": 0, "health": 0.0, "birth_aid": 0.0, "housing_aid": 0.0, "subsistence": 0.0}, "other": {"total": 4014.06, "daily": 0.0, "others_total": 4014.06, "others": {"Abono de permanência": 0, "Abono constitucional de 1/3 de férias": 0.0, "Indenização de férias": 0.0, "Antecipação de férias": 0, "Gratificação natalina": 0.0, "Antecipação de gratificação natalina": 0.0, "Substituição": 0, "Gratificação por exercício cumulativo": 0, "Gratificação por encargo Curso/Concurso": 4014.06, "Pagamentos retroativos": 0.0, "JETON": 0.0}}}, "discounts": {"total": 1052.47, "prev_contribution": 0.0, "ceil_retention": 0.0, "income_tax": 1052.47, "others_total": 0.0, "others": {"Descontos Diversos": 0.0}}}, "ERONILDO JOSE PEREIRA": {"name": "ERONILDO JOSE PEREIRA", "type": "membro", "active": true, "income": {"total": 4631.61, "wage": 0.0, "perks": {"total": 0.0, "food": 0.0, "pre_school": 0, "health": 0.0, "birth_aid": 0.0, "housing_aid": 0.0, "subsistence": 0.0}, "other": {"total": 4631.61, "daily": 0.0, "others_total": 4631.61, "others": {"Abono de permanência": 0, "Abono constitucional de 1/3 de férias": 0.0, "Indenização de férias": 0.0, "Antecipação de férias": 0, "Gratificação natalina": 0.0, "Antecipação de gratificação natalina": 0.0, "Substituição": 0, "Gratificação por exercício cumulativo": 0, "Gratificação por encargo Curso/Concurso": 4631.61, "Pagamentos retroativos": 0.0, "JETON": 0.0}}}, "discounts": {"total": 1272.05, "prev_contribution": 0.0, "ceil_retention": 0.0, "income_tax": 1272.05, "others_total": 0.0, "others": {"Descontos Diversos": 0.0}}}, "FABRICIO MEIRA MACEDO": {"name": "FABRICIO MEIRA MACEDO", "type": "membro", "active": true, "income": {"total": 4168.45, "wage": 0.0, "perks": {"total": 0.0, "food": 0.0, "pre_school": 0, "health": 0.0, "birth_aid": 0.0, "housing_aid": 0.0, "subsistence": 0.0}, "other": {"total": 4168.45, "daily": 0.0, "others_total": 4168.45, "others": {"Abono de permanência": 0, "Abono constitucional de 1/3 de férias": 0.0, "Indenização de férias": 0.0, "Antecipação de férias": 0, "Gratificação natalina": 0.0, "Antecipação de gratificação natalina": 0.0, "Substituição": 0, "Gratificação por exercício cumulativo": 0, "Gratificação por encargo Curso/Concurso": 4168.45, "Pagamentos retroativos": 0.0, "JETON": 0.0}}}, "discounts": {"total": 1146.32, "prev_contribution": 0.0, "ceil_retention": 0.0, "income_tax": 1146.32, "others_total": 0.0, "others": {"Descontos Diversos": 0.0}}}, "FALKANDRE DE SOUSA QUEIROZ": {"name": "FALKANDRE DE SOUSA QUEIROZ", "type": "membro", "active": true, "income": {"total": 4631.61, "wage": 0.0, "perks": {"total": 0.0, "food": 0.0, "pre_school": 0, "health": 0.0, "birth_aid": 0.0, "housing_aid": 0.0, "subsistence": 0.0}, "other": {"total": 4631.61, "daily": 0.0, "others_total": 4631.61, "others": {"Abono de permanência": 0, "Abono constitucional de 1/3 de férias": 0.0, "Indenização de férias": 0.0, "Antecipação de férias": 0, "Gratificação natalina": 0.0, "Antecipação de gratificação natalina": 0.0, "Substituição": 0, "Gratificação por exercício cumulativo": 0, "Gratificação por encargo Curso/Concurso": 4631.61, "Pagamentos retroativos": 0.0, "JETON": 0.0}}}, "discounts": {"total": 1183.69, "prev_contribution": 0.0, "ceil_retention": 0.0, "income_tax": 1183.69, "others_total": 0.0, "others": {"Descontos Diversos": 0.0}}}, "FERNANDA DE ARAUJO PAZ": {"name": "FERNANDA DE ARAUJO PAZ", "type": "membro", "active": true, "income": {"total": 4631.61, "wage": 0.0, "perks": {"total": 0.0, "food": 0.0, "pre_school": 0, "health": 0.0, "birth_aid": 0.0, "housing_aid": 0.0, "subsistence": 0.0}, "other": {"total": 4631.61, "daily": 0.0, "others_total": 4631.61, "others": {"Abono de permanência": 0, "Abono constitucional de 1/3 de férias": 0.0, "Indenização de férias": 0.0, "Antecipação de férias": 0, "Gratificação natalina": 0.0, "Antecipação de gratificação natalina": 0.0, "Substituição": 0, "Gratificação por exercício cumulativo": 0, "Gratificação por encargo Curso/Concurso": 4631.61, "Pagamentos retroativos": 0.0, "JETON": 0.0}}}, "discounts": {"total": 1272.05, "prev_contribution": 0.0, "ceil_retention": 0.0, "income_tax": 1272.05, "others_total": 0.0, "others": {"Descontos Diversos": 0.0}}}, "FRANCILENE LUCENA MELO JORDAO": {"name": "FRANCILENE LUCENA MELO JORDAO", "type": "membro", "active": true, "income": {"total": 4631.61, "wage": 0.0, "perks": {"total": 0.0, "food": 0.0, "pre_school": 0, "health": 0.0, "birth_aid": 0.0, "housing_aid": 0.0, "subsistence": 0.0}, "other": {"total": 4631.61, "daily": 0.0, "others_total": 4631.61, "others": {"Abono de permanência": 0, "Abono constitucional de 1/3 de férias": 0.0, "Indenização de férias": 0.0, "Antecipação de férias": 0, "Gratificação natalina": 0.0, "Antecipação de gratificação natalina": 0.0, "Substituição": 0, "Gratificação por exercício cumulativo": 0, "Gratificação por encargo Curso/Concurso": 4631.61, "Pagamentos retroativos": 0.0, "JETON": 0.0}}}, "discounts": {"total": 1272.05, "prev_contribution": 0.0, "ceil_retention": 0.0, "income_tax": 1272.05, "others_total": 0.0, "others": {"Descontos Diversos": 0.0}}}, "FRANCISCA BRENA CAMELO BRITO": {"name": "FRANCISCA BRENA CAMELO BRITO", "type": "membro", "active": true, "income": {"total": 2624.58, "wage": 0.0, "perks": {"total": 0.0, "food": 0.0, "pre_school": 0, "health": 0.0, "birth_aid": 0.0, "housing_aid": 0.0, "subsistence": 0.0}, "other": {"total": 2624.58, "daily": 0.0, "others_total": 2624.58, "others": {"Abono de permanência": 0, "Abono constitucional de 1/3 de férias": 0.0, "Indenização de férias": 0.0, "Antecipação de férias": 0, "Gratificação natalina": 0.0, "Antecipação de gratificação natalina": 0.0, "Substituição": 0, "Gratificação por exercício cumulativo": 0, "Gratificação por encargo Curso/Concurso": 2624.58, "Pagamentos retroativos": 0.0, "JETON": 0.0}}}, "discounts": {"total": 554.57, "prev_contribution": 0.0, "ceil_retention": 0.0, "income_tax": 554.57, "others_total": 0.0, "others": {"Descontos Diversos": 0.0}}}, "FRANCISCO ANTUNES BATISTA": {"name": "FRANCISCO ANTUNES BATISTA", "type": "membro", "active": true, "income": {"total": 4631.61, "wage": 0.0, "perks": {"total": 0.0, "food": 0.0, "pre_school": 0, "health": 0.0, "birth_aid": 0.0, "housing_aid": 0.0, "subsistence": 0.0}, "other": {"total": 4631.61, "daily": 0.0, "others_total": 4631.61, "others": {"Abono de permanência": 0, "Abono constitucional de 1/3 de férias": 0.0, "Indenização de férias": 0.0, "Antecipação de férias": 0, "Gratificação natalina": 0.0, "Antecipação de gratificação natalina": 0.0, "Substituição": 0, "Gratificação por exercício cumulativo": 0, "Gratificação por encargo Curso/Concurso": 4631.61, "Pagamentos retroativos": 0.0, "JETON": 0.0}}}, "discounts": {"total": 1272.05, "prev_contribution": 0.0, "ceil_retention": 0.0, "income_tax": 1272.05, "others_total": 0.0, "others": {"Descontos Diversos": 0.0}}}, "FRANCISCO THIAGO DA SILVA RABELO": {"name": "FRANCISCO THIAGO DA SILVA RABELO", "type": "membro", "active": true, "income": {"total": 4631.61, "wage": 0.0, "perks": {"total": 0.0, "food": 0.0, "pre_school": 0, "health": 0.0, "birth_aid": 0.0, "housing_aid": 0.0, "subsistence": 0.0}, "other": {"total": 4631.61, "daily": 0.0, "others_total": 4631.61, "others": {"Abono de permanência": 0, "Abono constitucional de 1/3 de férias": 0.0, "Indenização de férias": 0.0, "Antecipação de férias": 0, "Gratificação natalina": 0.0, "Antecipação de gratificação natalina": 0.0, "Substituição": 0, "Gratificação por exercício cumulativo": 0, "Gratificação por encargo Curso/Concurso": 4631.61, "Pagamentos retroativos": 0.0, "JETON": 0.0}}}, "discounts": {"total": 1272.05, "prev_contribution": 0.0, "ceil_retention": 0.0, "income_tax": 1272.05, "others_total": 0.0, "others": {"Descontos Diversos": 0.0}}}, "FREDERICO MARTINHO DA NÓBREGA COUTINHO": {"name": "FREDERICO MARTINHO DA NÓBREGA COUTINHO", "type": "membro", "active": true, "income": {"total": 1828.26, "wage": 0.0, "perks": {"total": 0.0, "food": 0.0, "pre_school": 0, "health": 0.0, "birth_aid": 0.0, "housing_aid": 0.0, "subsistence": 0.0}, "other": {"total": 1828.26, "daily": 0.0, "others_total": 1828.26, "others": {"Abono de permanência": 0, "Abono constitucional de 1/3 de férias": 0.0, "Indenização de férias": 0.0, "Antecipação de férias": 0, "Gratificação natalina": 0.0, "Antecipação de gratificação natalina": 0.0, "Substituição": 0, "Gratificação por exercício cumulativo": 0, "Gratificação por encargo Curso/Concurso": 0.0, "Pagamentos retroativos": 0.0, "JETON": 1828.26}}}, "discounts": {"total": 502.77, "prev_contribution": 0.0, "ceil_retention": 0.0, "income_tax": 502.77, "others_total": 0.0, "others": {"Descontos Diversos": 0.0}}}, "GLAUCO COUTINHO MARQUES": {"name": "GLAUCO COUTINHO MARQUES", "type": "membro", "active": true, "income": {"total": 4631.61, "wage": 0.0, "perks": {"total": 0.0, "food": 0.0, "pre_school": 0, "health": 0.0, "birth_aid": 0.0, "housing_aid": 0.0, "subsistence": 0.0}, "other": {"total": 4631.61, "daily": 0.0, "others_total": 4631.61, "others": {"Abono de permanência": 0, "Abono constitucional de 1/3 de férias": 0.0, "Indenização de férias": 0.0, "Antecipação de férias": 0, "Gratificação natalina": 0.0, "Antecipação de gratificação natalina": 0.0, "Substituição": 0, "Gratificação por exercício cumulativo": 0, "Gratificação por encargo Curso/Concurso": 4631.61, "Pagamentos retroativos": 0.0, "JETON": 0.0}}}, "discounts": {"total": 1272.05, "prev_contribution": 0.0, "ceil_retention": 0.0, "income_tax": 1272.05, "others_total": 0.0, "others": {"Descontos Diversos": 0.0}}}, "GUSTAVO CAMACHO MEIRA DE SOUSA": {"name": "GUSTAVO CAMACHO MEIRA DE SOUSA", "type": "membro", "active": true, "income": {"total": 4322.84, "wage": 0.0, "perks": {"total": 0.0, "food": 0.0, "pre_school": 0, "health": 0.0, "birth_aid": 0.0, "housing_aid": 0.0, "subsistence": 0.0}, "other": {"total": 4322.84, "daily": 0.0, "others_total": 4322.84, "others": {"Abono de permanência": 0, "Abono constitucional de 1/3 de férias": 0.0, "Indenização de férias": 0.0, "Antecipação de férias": 0, "Gratificação natalina": 0.0, "Antecipação de gratificação natalina": 0.0, "Substituição": 0, "Gratificação por exercício cumulativo": 0, "Gratificação por encargo Curso/Concurso": 4322.84, "Pagamentos retroativos": 0.0, "JETON": 0.0}}}, "discounts": {"total": 1171.69, "prev_contribution": 0.0, "ceil_retention": 0.0, "income_tax": 1171.69, "others_total": 0.0, "others": {"Descontos Diversos": 0.0}}}, "HERMESON ALVES NOGUEIRA": {"name": "HERMESON ALVES NOGUEIRA", "type": "membro", "active": true, "income": {"total": 4631.61, "wage": 0.0, "perks": {"total": 0.0, "food": 0.0, "pre_school": 0, "health": 0.0, "birth_aid": 0.0, "housing_aid": 0.0, "subsistence": 0.0}, "other": {"total": 4631.61, "daily": 0.0, "others_total": 4631.61, "others": {"Abono de permanência": 0, "Abono constitucional de 1/3 de férias": 0.0, "Indenização de férias": 0.0, "Antecipação de férias": 0, "Gratificação natalina": 0.0, "Antecipação de gratificação natalina": 0.0, "Substituição": 0, "Gratificação por exercício cumulativo": 0, "Gratificação por encargo Curso/Concurso": 4631.61, "Pagamentos retroativos": 0.0, "JETON": 0.0}}}, "discounts": {"total": 1272.05, "prev_contribution": 0.0, "ceil_retention": 0.0, "income_tax": 1272.05, "others_total": 0.0, "others": {"Descontos Diversos": 0.0}}}, "HIGYNA JOSITA SIMÕES DE ALMEIDA": {"name": "HIGYNA JOSITA SIMÕES DE ALMEIDA", "type": "membro", "active": true, "income": {"total": 4631.61, "wage": 0.0, "perks": {"total": 0.0, "food": 0.0, "pre_school": 0, "health": 0.0, "birth_aid": 0.0, "housing_aid": 0.0, "subsistence": 0.0}, "other": {"total": 4631.61, "daily": 0.0, "others_total": 4631.61, "others": {"Abono de permanência": 0, "Abono constitucional de 1/3 de férias": 0.0, "Indenização de férias": 0.0, "Antecipação de férias": 0, "Gratificação natalina": 0.0, "Antecipação de gratificação natalina": 0.0, "Substituição": 0, "Gratificação por exercício cumulativo": 0, "Gratificação por encargo Curso/Concurso": 4631.61, "Pagamentos retroativos": 0.0, "JETON": 0.0}}}, "discounts": {"total": 1272.05, "prev_contribution": 0.0, "ceil_retention": 0.0, "income_tax": 1272.05, "others_total": 0.0, "others": {"Descontos Diversos": 0.0}}}, "HORACIO FERREIRA DE MELO JUNIOR": {"name": "HORACIO FERREIRA DE MELO JUNIOR", "type": "membro", "active": true, "income": {"total": 4322.84, "wage": 0.0, "perks": {"total": 0.0, "food": 0.0, "pre_school": 0, "health": 0.0, "birth_aid": 0.0, "housing_aid": 0.0, "subsistence": 0.0}, "other": {"total": 4322.84, "daily": 0.0, "others_total": 4322.84, "others": {"Abono de permanência": 0, "Abono constitucional de 1/3 de férias": 0.0, "Indenização de férias": 0.0, "Antecipação de férias": 0, "Gratificação natalina": 0.0, "Antecipação de gratificação natalina": 0.0, "Substituição": 0, "Gratificação por exercício cumulativo": 0, "Gratificação por encargo Curso/Concurso": 4322.84, "Pagamentos retroativos": 0.0, "JETON": 0.0}}}, "discounts": {"total": 1187.13, "prev_contribution": 0.0, "ceil_retention": 0.0, "income_tax": 1187.13, "others_total": 0.0, "others": {"Descontos Diversos": 0.0}}}, "HUGO GOMES ZAHER": {"name": "HUGO GOMES ZAHER", "type": "membro", "active": true, "income": {"total": 3396.51, "wage": 0.0, "perks": {"total": 0.0, "food": 0.0, "pre_school": 0, "health": 0.0, "birth_aid": 0.0, "housing_aid": 0.0, "subsistence": 0.0}, "other": {"total": 3396.51, "daily": 0.0, "others_total": 3396.51, "others": {"Abono de permanência": 0, "Abono constitucional de 1/3 de férias": 0.0, "Indenização de férias": 0.0, "Antecipação de férias": 0, "Gratificação natalina": 0.0, "Antecipação de gratificação natalina": 0.0, "Substituição": 0, "Gratificação por exercício cumulativo": 0, "Gratificação por encargo Curso/Concurso": 3396.51, "Pagamentos retroativos": 0.0, "JETON": 0.0}}}, "discounts": {"total": 934.04, "prev_contribution": 0.0, "ceil_retention": 0.0, "income_tax": 934.04, "others_total": 0.0, "others": {"Descontos Diversos": 0.0}}}, "HYANARA TORRES TAVARES DE SOUZA": {"name": "HYANARA TORRES TAVARES DE SOUZA", "type": "membro", "active": true, "income": {"total": 6543.87, "wage": 0.0, "perks": {"total": 0.0, "food": 0.0, "pre_school": 0, "health": 0.0, "birth_aid": 0.0, "housing_aid": 0.0, "subsistence": 0.0}, "other": {"total": 5587.74, "daily": 956.13, "others_total": 4631.61, "others": {"Abono de permanência": 0, "Abono constitucional de 1/3 de férias": 0.0, "Indenização de férias": 0.0, "Antecipação de férias": 0, "Gratificação natalina": 0.0, "Antecipação de gratificação natalina": 0.0, "Substituição": 0, "Gratificação por exercício cumulativo": 0, "Gratificação por encargo Curso/Concurso": 4631.61, "Pagamentos retroativos": 0.0, "JETON": 0.0}}}, "discounts": {"total": 1273.69, "prev_contribution": 0.0, "ceil_retention": 0.0, "income_tax": 1273.69, "others_total": 0.0, "others": {"Descontos Diversos": 0.0}}}, "IANO MIRANDA DOS ANJOS": {"name": "IANO MIRANDA DOS ANJOS", "type": "membro", "active": true, "income": {"total": 4631.61, "wage": 0.0, "perks": {"total": 0.0, "food": 0.0, "pre_school": 0, "health": 0.0, "birth_aid": 0.0, "housing_aid": 0.0, "subsistence": 0.0}, "other": {"total": 4631.61, "daily": 0.0, "others_total": 4631.61, "others": {"Abono de permanência": 0, "Abono constitucional de 1/3 de férias": 0.0, "Indenização de férias": 0.0, "Antecipação de férias": 0, "Gratificação natalina": 0.0, "Antecipação de gratificação natalina": 0.0, "Substituição": 0, "Gratificação por exercício cumulativo": 0, "Gratificação por encargo Curso/Concurso": 4631.61, "Pagamentos retroativos": 0.0, "JETON": 0.0}}}, "discounts": {"total": 1272.05, "prev_contribution": 0.0, "ceil_retention": 0.0, "income_tax": 1272.05, "others_total": 0.0, "others": {"Descontos Diversos": 0.0}}}, "IEDA MARIA DANTAS": {"name": "IEDA MARIA DANTAS", "type": "membro", "active": true, "income": {"total": 4322.84, "wage": 0.0, "perks": {"total": 0.0, "food": 0.0, "pre_school": 0, "health": 0.0, "birth_aid": 0.0, "housing_aid": 0.0, "subsistence": 0.0}, "other": {"total": 4322.84, "daily": 0.0, "others_total": 4322.84, "others": {"Abono de permanência": 0, "Abono constitucional de 1/3 de férias": 0.0, "Indenização de férias": 0.0, "Antecipação de férias": 0, "Gratificação natalina": 0.0, "Antecipação de gratificação natalina": 0.0, "Substituição": 0, "Gratificação por exercício cumulativo": 0, "Gratificação por encargo Curso/Concurso": 4322.84, "Pagamentos retroativos": 0.0, "JETON": 0.0}}}, "discounts": {"total": 1187.13, "prev_contribution": 0.0, "ceil_retention": 0.0, "income_tax": 1187.13, "others_total": 0.0, "others": {"Descontos Diversos": 0.0}}}, "ISABELLA JOSEANNE ASSUNCAO LOPES ANDRADE DE SOUSA": {"name": "ISABELLA JOSEANNE ASSUNCAO LOPES ANDRADE DE SOUSA", "type": "membro", "active": true, "income": {"total": 4631.61, "wage": 0.0, "perks": {"total": 0.0, "food": 0.0, "pre_school": 0, "health": 0.0, "birth_aid": 0.0, "housing_aid": 0.0, "subsistence": 0.0}, "other": {"total": 4631.61, "daily": 0.0, "others_total": 4631.61, "others": {"Abono de permanência": 0, "Abono constitucional de 1/3 de férias": 0.0, "Indenização de férias": 0.0, "Antecipação de férias": 0, "Gratificação natalina": 0.0, "Antecipação de gratificação natalina": 0.0, "Substituição": 0, "Gratificação por exercício cumulativo": 0, "Gratificação por encargo Curso/Concurso": 4631.61, "Pagamentos retroativos": 0.0, "JETON": 0.0}}}, "discounts": {"total": 1272.05, "prev_contribution": 0.0, "ceil_retention": 0.0, "income_tax": 1272.05, "others_total": 0.0, "others": {"Descontos Diversos": 0.0}}}, "ISRAELA CLAUDIA DA SILVA PONTES AZEVEDO": {"name": "ISRAELA CLAUDIA DA SILVA PONTES AZEVEDO", "type": "membro", "active": true, "income": {"total": 463.16, "wage": 0.0, "perks": {"total": 0.0, "food": 0.0, "pre_school": 0, "health": 0.0, "birth_aid": 0.0, "housing_aid": 0.0, "subsistence": 0.0}, "other": {"total": 463.16, "daily": 0.0, "others_total": 463.16, "others": {"Abono de permanência": 0, "Abono constitucional de 1/3 de férias": 0.0, "Indenização de férias": 0.0, "Antecipação de férias": 0, "Gratificação natalina": 0.0, "Antecipação de gratificação natalina": 0.0, "Substituição": 0, "Gratificação por exercício cumulativo": 0, "Gratificação por encargo Curso/Concurso": 463.16, "Pagamentos retroativos": 0.0, "JETON": 0.0}}}, "discounts": {"total": 0.0, "prev_contribution": 0.0, "ceil_retention": 0.0, "income_tax": 0.0, "others_total": 0.0, "others": {"Descontos Diversos": 0.0}}}, "JAILSON SHIZUE SUASSUNA": {"name": "JAILSON SHIZUE SUASSUNA", "type": "membro", "active": true, "income": {"total": 3242.13, "wage": 0.0, "perks": {"total": 0.0, "food": 0.0, "pre_school": 0, "health": 0.0, "birth_aid": 0.0, "housing_aid": 0.0, "subsistence": 0.0}, "other": {"total": 3242.13, "daily": 0.0, "others_total": 3242.13, "others": {"Abono de permanência": 0, "Abono constitucional de 1/3 de férias": 0.0, "Indenização de férias": 0.0, "Antecipação de férias": 0, "Gratificação natalina": 0.0, "Antecipação de gratificação natalina": 0.0, "Substituição": 0, "Gratificação por exercício cumulativo": 0, "Gratificação por encargo Curso/Concurso": 3242.13, "Pagamentos retroativos": 0.0, "JETON": 0.0}}}, "discounts": {"total": 889.94, "prev_contribution": 0.0, "ceil_retention": 0.0, "income_tax": 889.94, "others_total": 0.0, "others": {"Descontos Diversos": 0.0}}}, "JEREMIAS DE CASSIO CARNEIRO DE MELO": {"name": "JEREMIAS DE CASSIO CARNEIRO DE MELO", "type": "membro", "active": true, "income": {"total": 4631.61, "wage": 0.0, "perks": {"total": 0.0, "food": 0.0, "pre_school": 0, "health": 0.0, "birth_aid": 0.0, "housing_aid": 0.0, "subsistence": 0.0}, "other": {"total": 4631.61, "daily": 0.0, "others_total": 4631.61, "others": {"Abono de permanência": 0, "Abono constitucional de 1/3 de férias": 0.0, "Indenização de férias": 0.0, "Antecipação de férias": 0, "Gratificação natalina": 0.0, "Antecipação de gratificação natalina": 0.0, "Substituição": 0, "Gratificação por exercício cumulativo": 0, "Gratificação por encargo Curso/Concurso": 4631.61, "Pagamentos retroativos": 0.0, "JETON": 0.0}}}, "discounts": {"total": 1272.05, "prev_contribution": 0.0, "ceil_retention": 0.0, "income_tax": 1272.05, "others_total": 0.0, "others": {"Descontos Diversos": 0.0}}}, "JOÃO LUCAS SOUTO GIL MESSIAS": {"name": "JOÃO LUCAS SOUTO GIL MESSIAS", "type": "membro", "active": true, "income": {"total": 4631.61, "wage": 0.0, "perks": {"total": 0.0, "food": 0.0, "pre_school": 0, "health": 0.0, "birth_aid": 0.0, "housing_aid": 0.0, "subsistence": 0.0}, "other": {"total": 4631.61, "daily": 0.0, "others_total": 4631.61, "others": {"Abono de permanência": 0, "Abono constitucional de 1/3 de férias": 0.0, "Indenização de férias": 0.0, "Antecipação de férias": 0, "Gratificação natalina": 0.0, "Antecipação de gratificação natalina": 0.0, "Substituição": 0, "Gratificação por exercício cumulativo": 0, "Gratificação por encargo Curso/Concurso": 4631.61, "Pagamentos retroativos": 0.0, "JETON": 0.0}}}, "discounts": {"total": 1273.69, "prev_contribution": 0.0, "ceil_retention": 0.0, "income_tax": 1273.69, "others_total": 0.0, "others": {"Descontos Diversos": 0.0}}}, "JOSÉ EMANUEL DA SILVA E SOUSA": {"name": "JOSÉ EMANUEL DA SILVA E SOUSA", "type": "membro", "active": true, "income": {"total": 4631.61, "wage": 0.0, "perks": {"total": 0.0, "food": 0.0, "pre_school": 0, "health": 0.0, "birth_aid": 0.0, "housing_aid": 0.0, "subsistence": 0.0}, "other": {"total": 4631.61, "daily": 0.0, "others_total": 4631.61, "others": {"Abono de permanência": 0, "Abono constitucional de 1/3 de férias": 0.0, "Indenização de férias": 0.0, "Antecipação de férias": 0, "Gratificação natalina": 0.0, "Antecipação de gratificação natalina": 0.0, "Substituição": 0, "Gratificação por exercício cumulativo": 0, "Gratificação por encargo Curso/Concurso": 4631.61, "Pagamentos retroativos": 0.0, "JETON": 0.0}}}, "discounts": {"total": 1264.33, "prev_contribution": 0.0, "ceil_retention": 0.0, "income_tax": 1264.33, "others_total": 0.0, "others": {"Descontos Diversos": 0.0}}}, "JOSE IRLANDO SOBREIRA MACHADO": {"name": "JOSE IRLANDO SOBREIRA MACHADO", "type": "membro", "active": true, "income": {"total": 4631.61, "wage": 0.0, "perks": {"total": 0.0, "food": 0.0, "pre_school": 0, "health": 0.0, "birth_aid": 0.0, "housing_aid": 0.0, "subsistence": 0.0}, "other": {"total": 4631.61, "daily": 0.0, "others_total": 4631.61, "others": {"Abono de permanência": 0, "Abono constitucional de 1/3 de férias": 0.0, "Indenização de férias": 0.0, "Antecipação de férias": 0, "Gratificação natalina": 0.0, "Antecipação de gratificação natalina": 0.0, "Substituição": 0, "Gratificação por exercício cumulativo": 0, "Gratificação por encargo Curso/Concurso": 4631.61, "Pagamentos retroativos": 0.0, "JETON": 0.0}}}, "discounts": {"total": 1272.05, "prev_contribution": 0.0, "ceil_retention": 0.0, "income_tax": 1272.05, "others_total": 0.0, "others": {"Descontos Diversos": 0.0}}}, "JOSE JACKSON GUIMARAES": {"name": "JOSE JACKSON GUIMARAES", "type": "membro", "active": true, "income": {"total": 4477.22, "wage": 0.0, "perks": {"total": 0.0, "food": 0.0, "pre_school": 0, "health": 0.0, "birth_aid": 0.0, "housing_aid": 0.0, "subsistence": 0.0}, "other": {"total": 4477.22, "daily": 0.0, "others_total": 4477.22, "others": {"Abono de permanência": 0, "Abono constitucional de 1/3 de férias": 0.0, "Indenização de férias": 0.0, "Antecipação de férias": 0, "Gratificação natalina": 0.0, "Antecipação de gratificação natalina": 0.0, "Substituição": 0, "Gratificação por exercício cumulativo": 0, "Gratificação por encargo Curso/Concurso": 4477.22, "Pagamentos retroativos": 0.0, "JETON": 0.0}}}, "discounts": {"total": 1229.59, "prev_contribution": 0.0, "ceil_retention": 0.0, "income_tax": 1229.59, "others_total": 0.0, "others": {"Descontos Diversos": 0.0}}}, "JOSE MILTON BARROS DE ARAUJO": {"name": "JOSE MILTON BARROS DE ARAUJO", "type": "membro", "active": true, "income": {"total": 4631.61, "wage": 0.0, "perks": {"total": 0.0, "food": 0.0, "pre_school": 0, "health": 0.0, "birth_aid": 0.0, "housing_aid": 0.0, "subsistence": 0.0}, "other": {"total": 4631.61, "daily": 0.0, "others_total": 4631.61, "others": {"Abono de permanência": 0, "Abono constitucional de 1/3 de férias": 0.0, "Indenização de férias": 0.0, "Antecipação de férias": 0, "Gratificação natalina": 0.0, "Antecipação de gratificação natalina": 0.0, "Substituição": 0, "Gratificação por exercício cumulativo": 0, "Gratificação por encargo Curso/Concurso": 4631.61, "Pagamentos retroativos": 0.0, "JETON": 0.0}}}, "discounts": {"total": 1272.05, "prev_contribution": 0.0, "ceil_retention": 0.0, "income_tax": 1272.05, "others_total": 0.0, "others": {"Descontos Diversos": 0.0}}}, "JOSE NORMANDO FERNANDES": {"name": "JOSE NORMANDO FERNANDES", "type": "membro", "active": true, "income": {"total": 4631.61, "wage": 0.0, "perks": {"total": 0.0, "food": 0.0, "pre_school": 0, "health": 0.0, "birth_aid": 0.0, "housing_aid": 0.0, "subsistence": 0.0}, "other": {"total": 4631.61, "daily": 0.0, "others_total": 4631.61, "others": {"Abono de permanência": 0, "Abono constitucional de 1/3 de férias": 0.0, "Indenização de férias": 0.0, "Antecipação de férias": 0, "Gratificação natalina": 0.0, "Antecipação de gratificação natalina": 0.0, "Substituição": 0, "Gratificação por exercício cumulativo": 0, "Gratificação por encargo Curso/Concurso": 4631.61, "Pagamentos retroativos": 0.0, "JETON": 0.0}}}, "discounts": {"total": 1272.05, "prev_contribution": 0.0, "ceil_retention": 0.0, "income_tax": 1272.05, "others_total": 0.0, "others": {"Descontos Diversos": 0.0}}}, "JOSÉ RICARDO PORTO": {"name": "JOSÉ RICARDO PORTO", "type": "membro", "active": true, "income": {"total": 13711.95, "wage": 0.0, "perks": {"total": 0.0, "food": 0.0, "pre_school": 0, "health": 0.0, "birth_aid": 0.0, "housing_aid": 0.0, "subsistence": 0.0}, "other": {"total": 13711.95, "daily": 0.0, "others_total": 13711.95, "others": {"Abono de permanência": 0, "Abono constitucional de 1/3 de férias": 0.0, "Indenização de férias": 0.0, "Antecipação de férias": 0, "Gratificação natalina": 0.0, "Antecipação de gratificação natalina": 0.0, "Substituição": 0, "Gratificação por exercício cumulativo": 0, "Gratificação por encargo Curso/Concurso": 0.0, "Pagamentos retroativos": 0.0, "JETON": 13711.95}}}, "discounts": {"total": 3770.79, "prev_contribution": 0.0, "ceil_retention": 0.0, "income_tax": 3770.79, "others_total": 0.0, "others": {"Descontos Diversos": 0.0}}}, "JUDSON KILDERE NASCIMENTO FAHEINA": {"name": "JUDSON KILDERE NASCIMENTO FAHEINA", "type": "membro", "active": true, "income": {"total": 4631.61, "wage": 0.0, "perks": {"total": 0.0, "food": 0.0, "pre_school": 0, "health": 0.0, "birth_aid": 0.0, "housing_aid": 0.0, "subsistence": 0.0}, "other": {"total": 4631.61, "daily": 0.0, "others_total": 4631.61, "others": {"Abono de permanência": 0, "Abono constitucional de 1/3 de férias": 0.0, "Indenização de férias": 0.0, "Antecipação de férias": 0, "Gratificação natalina": 0.0, "Antecipação de gratificação natalina": 0.0, "Substituição": 0, "Gratificação por exercício cumulativo": 0, "Gratificação por encargo Curso/Concurso": 4631.61, "Pagamentos retroativos": 0.0, "JETON": 0.0}}}, "discounts": {"total": 1272.05, "prev_contribution": 0.0, "ceil_retention": 0.0, "income_tax": 1272.05, "others_total": 0.0, "others": {"Descontos Diversos": 0.0}}}, "JULIANA DUARTE MAROJA": {"name": "JULIANA DUARTE MAROJA", "type": "membro", "active": true, "income": {"total": 4631.61, "wage": 0.0, "perks": {"total": 0.0, "food": 0.0, "pre_school": 0, "health": 0.0, "birth_aid": 0.0, "housing_aid": 0.0, "subsistence": 0.0}, "other": {"total": 4631.61, "daily": 0.0, "others_total": 4631.61, "others": {"Abono de permanência": 0, "Abono constitucional de 1/3 de férias": 0.0, "Indenização de férias": 0.0, "Antecipação de férias": 0, "Gratificação natalina": 0.0, "Antecipação de gratificação natalina": 0.0, "Substituição": 0, "Gratificação por exercício cumulativo": 0, "Gratificação por encargo Curso/Concurso": 4631.61, "Pagamentos retroativos": 0.0, "JETON": 0.0}}}, "discounts": {"total": 1272.05, "prev_contribution": 0.0, "ceil_retention": 0.0, "income_tax": 1272.05, "others_total": 0.0, "others": {"Descontos Diversos": 0.0}}}, "KLEYBER THIAGO TROVAO EULALIO": {"name": "KLEYBER THIAGO TROVAO EULALIO", "type": "membro", "active": true, "income": {"total": 4322.84, "wage": 0.0, "perks": {"total": 0.0, "food": 0.0, "pre_school": 0, "health": 0.0, "birth_aid": 0.0, "housing_aid": 0.0, "subsistence": 0.0}, "other": {"total": 4322.84, "daily": 0.0, "others_total": 4322.84, "others": {"Abono de permanência": 0, "Abono constitucional de 1/3 de férias": 0.0, "Indenização de férias": 0.0, "Antecipação de férias": 0, "Gratificação natalina": 0.0, "Antecipação de gratificação natalina": 0.0, "Substituição": 0, "Gratificação por exercício cumulativo": 0, "Gratificação por encargo Curso/Concurso": 4322.84, "Pagamentos retroativos": 0.0, "JETON": 0.0}}}, "discounts": {"total": 1187.13, "prev_contribution": 0.0, "ceil_retention": 0.0, "income_tax": 1187.13, "others_total": 0.0, "others": {"Descontos Diversos": 0.0}}}, "LUCIANA RODRIGUES LIMA": {"name": "LUCIANA RODRIGUES LIMA", "type": "membro", "active": true, "income": {"total": 4631.61, "wage": 0.0, "perks": {"total": 0.0, "food": 0.0, "pre_school": 0, "health": 0.0, "birth_aid": 0.0, "housing_aid": 0.0, "subsistence": 0.0}, "other": {"total": 4631.61, "daily": 0.0, "others_total": 4631.61, "others": {"Abono de permanência": 0, "Abono constitucional de 1/3 de férias": 0.0, "Indenização de férias": 0.0, "Antecipação de férias": 0, "Gratificação natalina": 0.0, "Antecipação de gratificação natalina": 0.0, "Substituição": 0, "Gratificação por exercício cumulativo": 0, "Gratificação por encargo Curso/Concurso": 4631.61, "Pagamentos retroativos": 0.0, "JETON": 0.0}}}, "discounts": {"total": 1272.05, "prev_contribution": 0.0, "ceil_retention": 0.0, "income_tax": 1272.05, "others_total": 0.0, "others": {"Descontos Diversos": 0.0}}}, "LUIZ GONZAGA PEREIRA DE MELO FILHO": {"name": "LUIZ GONZAGA PEREIRA DE MELO FILHO", "type": "membro", "active": true, "income": {"total": 4631.61, "wage": 0.0, "perks": {"total": 0.0, "food": 0.0, "pre_school": 0, "health": 0.0, "birth_aid": 0.0, "housing_aid": 0.0, "subsistence": 0.0}, "other": {"total": 4631.61, "daily": 0.0, "others_total": 4631.61, "others": {"Abono de permanência": 0, "Abono constitucional de 1/3 de férias": 0.0, "Indenização de férias": 0.0, "Antecipação de férias": 0, "Gratificação natalina": 0.0, "Antecipação de gratificação natalina": 0.0, "Substituição": 0, "Gratificação por exercício cumulativo": 0, "Gratificação por encargo Curso/Concurso": 4631.61, "Pagamentos retroativos": 0.0, "JETON": 0.0}}}, "discounts": {"total": 1272.05, "prev_contribution": 0.0, "ceil_retention": 0.0, "income_tax": 1272.05, "others_total": 0.0, "others": {"Descontos Diversos": 0.0}}}, "LUZIVANDO PESSOA PINTO": {"name": "LUZIVANDO PESSOA PINTO", "type": "membro", "active": true, "income": {"total": 4631.61, "wage": 0.0, "perks": {"total": 0.0, "food": 0.0, "pre_school": 0, "health": 0.0, "birth_aid": 0.0, "housing_aid": 0.0, "subsistence": 0.0}, "other": {"total": 4631.61, "daily": 0.0, "others_total": 4631.61, "others": {"Abono de permanência": 0, "Abono constitucional de 1/3 de férias": 0.0, "Indenização de férias": 0.0, "Antecipação de férias": 0, "Gratificação natalina": 0.0, "Antecipação de gratificação natalina": 0.0, "Substituição": 0, "Gratificação por exercício cumulativo": 0, "Gratificação por encargo Curso/Concurso": 4631.61, "Pagamentos retroativos": 0.0, "JETON": 0.0}}}, "discounts": {"total": 1272.05, "prev_contribution": 0.0, "ceil_retention": 0.0, "income_tax": 1272.05, "others_total": 0.0, "others": {"Descontos Diversos": 0.0}}}, "MANOEL GONCALVES DANTAS DE ABRANTES": {"name": "MANOEL GONCALVES DANTAS DE ABRANTES", "type": "membro", "active": true, "income": {"total": 4631.61, "wage": 0.0, "perks": {"total": 0.0, "food": 0.0, "pre_school": 0, "health": 0.0, "birth_aid": 0.0, "housing_aid": 0.0, "subsistence": 0.0}, "other": {"total": 4631.61, "daily": 0.0, "others_total": 4631.61, "others": {"Abono de permanência": 0, "Abono constitucional de 1/3 de férias": 0.0, "Indenização de férias": 0.0, "Antecipação de férias": 0, "Gratificação natalina": 0.0, "Antecipação de gratificação natalina": 0.0, "Substituição": 0, "Gratificação por exercício cumulativo": 0, "Gratificação por encargo Curso/Concurso": 4631.61, "Pagamentos retroativos": 0.0, "JETON": 0.0}}}, "discounts": {"total": 1272.05, "prev_contribution": 0.0, "ceil_retention": 0.0, "income_tax": 1272.05, "others_total": 0.0, "others": {"Descontos Diversos": 0.0}}}, "MARCOS COELHO DE SALLES": {"name": "MARCOS COELHO DE SALLES", "type": "membro", "active": true, "income": {"total": 4322.84, "wage": 0.0, "perks": {"total": 0.0, "food": 0.0, "pre_school": 0, "health": 0.0, "birth_aid": 0.0, "housing_aid": 0.0, "subsistence": 0.0}, "other": {"total": 4322.84, "daily": 0.0, "others_total": 4322.84, "others": {"Abono de permanência": 0, "Abono constitucional de 1/3 de férias": 0.0, "Indenização de férias": 0.0, "Antecipação de férias": 0, "Gratificação natalina": 0.0, "Antecipação de gratificação natalina": 0.0, "Substituição": 0, "Gratificação por exercício cumulativo": 0, "Gratificação por encargo Curso/Concurso": 4322.84, "Pagamentos retroativos": 0.0, "JETON": 0.0}}}, "discounts": {"total": 1188.78, "prev_contribution": 0.0, "ceil_retention": 0.0, "income_tax": 1188.78, "others_total": 0.0, "others": {"Descontos Diversos": 0.0}}}, "MARIA CARMEN HERACLIO DO REGO FREIRE FARINHA": {"name": "MARIA CARMEN HERACLIO DO REGO FREIRE FARINHA", "type": "membro", "active": true, "income": {"total": 4631.61, "wage": 0.0, "perks": {"total": 0.0, "food": 0.0, "pre_school": 0, "health": 0.0, "birth_aid": 0.0, "housing_aid": 0.0, "subsistence": 0.0}, "other": {"total": 4631.61, "daily": 0.0, "others_total": 4631.61, "others": {"Abono de permanência": 0, "Abono constitucional de 1/3 de férias": 0.0, "Indenização de férias": 0.0, "Antecipação de férias": 0, "Gratificação natalina": 0.0, "Antecipação de gratificação natalina": 0.0, "Substituição": 0, "Gratificação por exercício cumulativo": 0, "Gratificação por encargo Curso/Concurso": 4631.61, "Pagamentos retroativos": 0.0, "JETON": 0.0}}}, "discounts": {"total": 1273.69, "prev_contribution": 0.0, "ceil_retention": 0.0, "income_tax": 1273.69, "others_total": 0.0, "others": {"Descontos Diversos": 0.0}}}, "MARIA DOS REMEDIOS PORDEUS PEDROSA": {"name": "MARIA DOS REMEDIOS PORDEUS PEDROSA", "type": "membro", "active": true, "income": {"total": 4631.61, "wage": 0.0, "perks": {"total": 0.0, "food": 0.0, "pre_school": 0, "health": 0.0, "birth_aid": 0.0, "housing_aid": 0.0, "subsistence": 0.0}, "other": {"total": 4631.61, "daily": 0.0, "others_total": 4631.61, "others": {"Abono de permanência": 0, "Abono constitucional de 1/3 de férias": 0.0, "Indenização de férias": 0.0, "Antecipação de férias": 0, "Gratificação natalina": 0.0, "Antecipação de gratificação natalina": 0.0, "Substituição": 0, "Gratificação por exercício cumulativo": 0, "Gratificação por encargo Curso/Concurso": 4631.61, "Pagamentos retroativos": 0.0, "JETON": 0.0}}}, "discounts": {"total": 1272.05, "prev_contribution": 0.0, "ceil_retention": 0.0, "income_tax": 1272.05, "others_total": 0.0, "others": {"Descontos Diversos": 0.0}}}, "MARIA EDUARDA BORGES ARAÚJO": {"name": "MARIA EDUARDA BORGES ARAÚJO", "type": "membro", "active": true, "income": {"total": 308.77, "wage": 0.0, "perks": {"total": 0.0, "food": 0.0, "pre_school": 0, "health": 0.0, "birth_aid": 0.0, "housing_aid": 0.0, "subsistence": 0.0}, "other": {"total": 308.77, "daily": 0.0, "others_total": 308.77, "others": {"Abono de permanência": 0, "Abono constitucional de 1/3 de férias": 0.0, "Indenização de férias": 0.0, "Antecipação de férias": 0, "Gratificação natalina": 0.0, "Antecipação de gratificação natalina": 0.0, "Substituição": 0, "Gratificação por exercício cumulativo": 0, "Gratificação por encargo Curso/Concurso": 308.77, "Pagamentos retroativos": 0.0, "JETON": 0.0}}}, "discounts": {"total": 84.91, "prev_contribution": 0.0, "ceil_retention": 0.0, "income_tax": 84.91, "others_total": 0.0, "others": {"Descontos Diversos": 0.0}}}, "MICHELINI DE OLIVEIRA DANTAS JATOBA": {"name": "MICHELINI DE OLIVEIRA DANTAS JATOBA", "type": "membro", "active": true, "income": {"total": 13711.95, "wage": 0.0, "perks": {"total": 0.0, "food": 0.0, "pre_school": 0, "health": 0.0, "birth_aid": 0.0, "housing_aid": 0.0, "subsistence": 0.0}, "other": {"total": 13711.95, "daily": 0.0, "others_total": 13711.95, "others": {"Abono de permanência": 0, "Abono constitucional de 1/3 de férias": 0.0, "Indenização de férias": 0.0, "Antecipação de férias": 0, "Gratificação natalina": 0.0, "Antecipação de gratificação natalina": 0.0, "Substituição": 0, "Gratificação por exercício cumulativo": 0, "Gratificação por encargo Curso/Concurso": 0.0, "Pagamentos retroativos": 0.0, "JETON": 13711.95}}}, "discounts": {"total": 3770.78, "prev_contribution": 0.0, "ceil_retention": 0.0, "income_tax": 3770.78, "others_total": 0.0, "others": {"Descontos Diversos": 0.0}}}, "ODILSON DE MORAES": {"name": "ODILSON DE MORAES", "type": "membro", "active": true, "income": {"total": 6543.87, "wage": 0.0, "perks": {"total": 0.0, "food": 0.0, "pre_school": 0, "health": 0.0, "birth_aid": 0.0, "housing_aid": 0.0, "subsistence": 0.0}, "other": {"total": 5587.74, "daily": 956.13, "others_total": 4631.61, "others": {"Abono de permanência": 0, "Abono constitucional de 1/3 de férias": 0.0, "Indenização de férias": 0.0, "Antecipação de férias": 0, "Gratificação natalina": 0.0, "Antecipação de gratificação natalina": 0.0, "Substituição": 0, "Gratificação por exercício cumulativo": 0, "Gratificação por encargo Curso/Concurso": 4631.61, "Pagamentos retroativos": 0.0, "JETON": 0.0}}}, "discounts": {"total": 1272.05, "prev_contribution": 0.0, "ceil_retention": 0.0, "income_tax": 1272.05, "others_total": 0.0, "others": {"Descontos Diversos": 0.0}}}, "OSENIVAL DOS SANTOS COSTA": {"name": "OSENIVAL DOS SANTOS COSTA", "type": "membro", "active": true, "income": {"total": 4631.61, "wage": 0.0, "perks": {"total": 0.0, "food": 0.0, "pre_school": 0, "health": 0.0, "birth_aid": 0.0, "housing_aid": 0.0, "subsistence": 0.0}, "other": {"total": 4631.61, "daily": 0.0, "others_total": 4631.61, "others": {"Abono de permanência": 0, "Abono constitucional de 1/3 de férias": 0.0, "Indenização de férias": 0.0, "Antecipação de férias": 0, "Gratificação natalina": 0.0, "Antecipação de gratificação natalina": 0.0, "Substituição": 0, "Gratificação por exercício cumulativo": 0, "Gratificação por encargo Curso/Concurso": 4631.61, "Pagamentos retroativos": 0.0, "JETON": 0.0}}}, "discounts": {"total": 1272.05, "prev_contribution": 0.0, "ceil_retention": 0.0, "income_tax": 1272.05, "others_total": 0.0, "others": {"Descontos Diversos": 0.0}}}, "PAULO WANDERLEY CÂMARA": {"name": "PAULO WANDERLEY CÂMARA", "type": "membro", "active": true, "income": {"total": 11883.69, "wage": 0.0, "perks": {"total": 0.0, "food": 0.0, "pre_school": 0, "health": 0.0, "birth_aid": 0.0, "housing_aid": 0.0, "subsistence": 0.0}, "other": {"total": 11883.69, "daily": 0.0, "others_total": 11883.69, "others": {"Abono de permanência": 0, "Abono constitucional de 1/3 de férias": 0.0, "Indenização de férias": 0.0, "Antecipação de férias": 0, "Gratificação natalina": 0.0, "Antecipação de gratificação natalina": 0.0, "Substituição": 0, "Gratificação por exercício cumulativo": 0, "Gratificação por encargo Curso/Concurso": 0.0, "Pagamentos retroativos": 0.0, "JETON": 11883.69}}}, "discounts": {"total": 3718.27, "prev_contribution": 621.04, "ceil_retention": 0.0, "income_tax": 3097.23, "others_total": 0.0, "others": {"Descontos Diversos": 0.0}}}, "PEDRO DAVI ALVES DE VASCONCELOS": {"name": "PEDRO DAVI ALVES DE VASCONCELOS", "type": "membro", "active": true, "income": {"total": 4631.61, "wage": 0.0, "perks": {"total": 0.0, "food": 0.0, "pre_school": 0, "health": 0.0, "birth_aid": 0.0, "housing_aid": 0.0, "subsistence": 0.0}, "other": {"total": 4631.61, "daily": 0.0, "others_total": 4631.61, "others": {"Abono de permanência": 0, "Abono constitucional de 1/3 de férias": 0.0, "Indenização de férias": 0.0, "Antecipação de férias": 0, "Gratificação natalina": 0.0, "Antecipação de gratificação natalina": 0.0, "Substituição": 0, "Gratificação por exercício cumulativo": 0, "Gratificação por encargo Curso/Concurso": 4631.61, "Pagamentos retroativos": 0.0, "JETON": 0.0}}}, "discounts": {"total": 1272.05, "prev_contribution": 0.0, "ceil_retention": 0.0, "income_tax": 1272.05, "others_total": 0.0, "others": {"Descontos Diversos": 0.0}}}, "PEDRO HENRIQUE DE ARAUJO RANGEL": {"name": "PEDRO HENRIQUE DE ARAUJO RANGEL", "type": "membro", "active": true, "income": {"total": 4631.61, "wage": 0.0, "perks": {"total": 0.0, "food": 0.0, "pre_school": 0, "health": 0.0, "birth_aid": 0.0, "housing_aid": 0.0, "subsistence": 0.0}, "other": {"total": 4631.61, "daily": 0.0, "others_total": 4631.61, "others": {"Abono de permanência": 0, "Abono constitucional de 1/3 de férias": 0.0, "Indenização de férias": 0.0, "Antecipação de férias": 0, "Gratificação natalina": 0.0, "Antecipação de gratificação natalina": 0.0, "Substituição": 0, "Gratificação por exercício cumulativo": 0, "Gratificação por encargo Curso/Concurso": 4631.61, "Pagamentos retroativos": 0.0, "JETON": 0.0}}}, "discounts": {"total": 1248.89, "prev_contribution": 0.0, "ceil_retention": 0.0, "income_tax": 1248.89, "others_total": 0.0, "others": {"Descontos Diversos": 0.0}}}, "PERILO RODRIGUES DE LUCENA": {"name": "PERILO RODRIGUES DE LUCENA", "type": "membro", "active": true, "income": {"total": 4631.61, "wage": 0.0, "perks": {"total": 0.0, "food": 0.0, "pre_school": 0, "health": 0.0, "birth_aid": 0.0, "housing_aid": 0.0, "subsistence": 0.0}, "other": {"total": 4631.61, "daily": 0.0, "others_total": 4631.61, "others": {"Abono de permanência": 0, "Abono constitucional de 1/3 de férias": 0.0, "Indenização de férias": 0.0, "Antecipação de férias": 0, "Gratificação natalina": 0.0, "Antecipação de gratificação natalina": 0.0, "Substituição": 0, "Gratificação por exercício cumulativo": 0, "Gratificação por encargo Curso/Concurso": 4631.61, "Pagamentos retroativos": 0.0, "JETON": 0.0}}}, "discounts": {"total": 1273.69, "prev_contribution": 0.0, "ceil_retention": 0.0, "income_tax": 1273.69, "others_total": 0.0, "others": {"Descontos Diversos": 0.0}}}, "RAFAELA PEREIRA TONI COUTINHO": {"name": "RAFAELA PEREIRA TONI COUTINHO", "type": "membro", "active": true, "income": {"total": 4631.61, "wage": 0.0, "perks": {"total": 0.0, "food": 0.0, "pre_school": 0, "health": 0.0, "birth_aid": 0.0, "housing_aid": 0.0, "subsistence": 0.0}, "other": {"total": 4631.61, "daily": 0.0, "others_total": 4631.61, "others": {"Abono de permanência": 0, "Abono constitucional de 1/3 de férias": 0.0, "Indenização de férias": 0.0, "Antecipação de férias": 0, "Gratificação natalina": 0.0, "Antecipação de gratificação natalina": 0.0, "Substituição": 0, "Gratificação por exercício cumulativo": 0, "Gratificação por encargo Curso/Concurso": 4631.61, "Pagamentos retroativos": 0.0, "JETON": 0.0}}}, "discounts": {"total": 1256.6, "prev_contribution": 0.0, "ceil_retention": 0.0, "income_tax": 1256.6, "others_total": 0.0, "others": {"Descontos Diversos": 0.0}}}, "RAMONILSON ALVES GOMES": {"name": "RAMONILSON ALVES GOMES", "type": "membro", "active": true, "income": {"total": 4631.61, "wage": 0.0, "perks": {"total": 0.0, "food": 0.0, "pre_school": 0, "health": 0.0, "birth_aid": 0.0, "housing_aid": 0.0, "subsistence": 0.0}, "other": {"total": 4631.61, "daily": 0.0, "others_total": 4631.61, "others": {"Abono de permanência": 0, "Abono constitucional de 1/3 de férias": 0.0, "Indenização de férias": 0.0, "Antecipação de férias": 0, "Gratificação natalina": 0.0, "Antecipação de gratificação natalina": 0.0, "Substituição": 0, "Gratificação por exercício cumulativo": 0, "Gratificação por encargo Curso/Concurso": 4631.61, "Pagamentos retroativos": 0.0, "JETON": 0.0}}}, "discounts": {"total": 1272.05, "prev_contribution": 0.0, "ceil_retention": 0.0, "income_tax": 1272.05, "others_total": 0.0, "others": {"Descontos Diversos": 0.0}}}, "RENAN DO VALLE MELO MARQUES": {"name": "RENAN DO VALLE MELO MARQUES", "type": "membro", "active": true, "income": {"total": 4631.61, "wage": 0.0, "perks": {"total": 0.0, "food": 0.0, "pre_school": 0, "health": 0.0, "birth_aid": 0.0, "housing_aid": 0.0, "subsistence": 0.0}, "other": {"total": 4631.61, "daily": 0.0, "others_total": 4631.61, "others": {"Abono de permanência": 0, "Abono constitucional de 1/3 de férias": 0.0, "Indenização de férias": 0.0, "Antecipação de férias": 0, "Gratificação natalina": 0.0, "Antecipação de gratificação natalina": 0.0, "Substituição": 0, "Gratificação por exercício cumulativo": 0, "Gratificação por encargo Curso/Concurso": 4631.61, "Pagamentos retroativos": 0.0, "JETON": 0.0}}}, "discounts": {"total": 1273.69, "prev_contribution": 0.0, "ceil_retention": 0.0, "income_tax": 1273.69, "others_total": 0.0, "others": {"Descontos Diversos": 0.0}}}, "RENATO LEVI DANTAS JALES": {"name": "RENATO LEVI DANTAS JALES", "type": "membro", "active": true, "income": {"total": 6543.87, "wage": 0.0, "perks": {"total": 0.0, "food": 0.0, "pre_school": 0, "health": 0.0, "birth_aid": 0.0, "housing_aid": 0.0, "subsistence": 0.0}, "other": {"total": 5587.74, "daily": 956.13, "others_total": 4631.61, "others": {"Abono de permanência": 0, "Abono constitucional de 1/3 de férias": 0.0, "Indenização de férias": 0.0, "Antecipação de férias": 0, "Gratificação natalina": 0.0, "Antecipação de gratificação natalina": 0.0, "Substituição": 0, "Gratificação por exercício cumulativo": 0, "Gratificação por encargo Curso/Concurso": 4631.61, "Pagamentos retroativos": 0.0, "JETON": 0.0}}}, "discounts": {"total": 1241.17, "prev_contribution": 0.0, "ceil_retention": 0.0, "income_tax": 1241.17, "others_total": 0.0, "others": {"Descontos Diversos": 0.0}}}, "RODOLFO ALVES SILVA": {"name": "RODOLFO ALVES SILVA", "type": "membro", "active": true, "income": {"total": 2778.97, "wage": 0.0, "perks": {"total": 0.0, "food": 0.0, "pre_school": 0, "health": 0.0, "birth_aid": 0.0, "housing_aid": 0.0, "subsistence": 0.0}, "other": {"total": 2778.97, "daily": 0.0, "others_total": 2778.97, "others": {"Abono de permanência": 0, "Abono constitucional de 1/3 de férias": 0.0, "Indenização de férias": 0.0, "Antecipação de férias": 0, "Gratificação natalina": 0.0, "Antecipação de gratificação natalina": 0.0, "Substituição": 0, "Gratificação por exercício cumulativo": 0, "Gratificação por encargo Curso/Concurso": 2778.97, "Pagamentos retroativos": 0.0, "JETON": 0.0}}}, "discounts": {"total": 762.57, "prev_contribution": 0.0, "ceil_retention": 0.0, "income_tax": 762.57, "others_total": 0.0, "others": {"Descontos Diversos": 0.0}}}, "ROSSINI AMORIM BASTOS": {"name": "ROSSINI AMORIM BASTOS", "type": "membro", "active": true, "income": {"total": 4631.61, "wage": 0.0, "perks": {"total": 0.0, "food": 0.0, "pre_school": 0, "health": 0.0, "birth_aid": 0.0, "housing_aid": 0.0, "subsistence": 0.0}, "other": {"total": 4631.61, "daily": 0.0, "others_total": 4631.61, "others": {"Abono de permanência": 0, "Abono constitucional de 1/3 de férias": 0.0, "Indenização de férias": 0.0, "Antecipação de férias": 0, "Gratificação natalina": 0.0, "Antecipação de gratificação natalina": 0.0, "Substituição": 0, "Gratificação por exercício cumulativo": 0, "Gratificação por encargo Curso/Concurso": 4631.61, "Pagamentos retroativos": 0.0, "JETON": 0.0}}}, "discounts": {"total": 1248.89, "prev_contribution": 0.0, "ceil_retention": 0.0, "income_tax": 1248.89, "others_total": 0.0, "others": {"Descontos Diversos": 0.0}}}, "SALVADOR DE OLIVEIRA VASCONCELOS": {"name": "SALVADOR DE OLIVEIRA VASCONCELOS", "type": "membro", "active": true, "income": {"total": 463.16, "wage": 0.0, "perks": {"total": 0.0, "food": 0.0, "pre_school": 0, "health": 0.0, "birth_aid": 0.0, "housing_aid": 0.0, "subsistence": 0.0}, "other": {"total": 463.16, "daily": 0.0, "others_total": 463.16, "others": {"Abono de permanência": 0, "Abono constitucional de 1/3 de férias": 0.0, "Indenização de férias": 0.0, "Antecipação de férias": 0, "Gratificação natalina": 0.0, "Antecipação de gratificação natalina": 0.0, "Substituição": 0, "Gratificação por exercício cumulativo": 0, "Gratificação por encargo Curso/Concurso": 463.16, "Pagamentos retroativos": 0.0, "JETON": 0.0}}}, "discounts": {"total": 0.0, "prev_contribution": 0.0, "ceil_retention": 0.0, "income_tax": 0.0, "others_total": 0.0, "others": {"Descontos Diversos": 0.0}}}, "SÉRGIO MURILO WANDERLEY QUEIROGA": {"name": "SÉRGIO MURILO WANDERLEY QUEIROGA", "type": "membro", "active": true, "income": {"total": 13711.95, "wage": 0.0, "perks": {"total": 0.0, "food": 0.0, "pre_school": 0, "health": 0.0, "birth_aid": 0.0, "housing_aid": 0.0, "subsistence": 0.0}, "other": {"total": 13711.95, "daily": 0.0, "others_total": 13711.95, "others": {"Abono de permanência": 0, "Abono constitucional de 1/3 de férias": 0.0, "Indenização de férias": 0.0, "Antecipação de férias": 0, "Gratificação natalina": 0.0, "Antecipação de gratificação natalina": 0.0, "Substituição": 0, "Gratificação por exercício cumulativo": 0, "Gratificação por encargo Curso/Concurso": 0.0, "Pagamentos retroativos": 0.0, "JETON": 13711.95}}}, "discounts": {"total": 3770.78, "prev_contribution": 0.0, "ceil_retention": 0.0, "income_tax": 3770.78, "others_total": 0.0, "others": {"Descontos Diversos": 0.0}}}, "SILVIO JOSE DA SILVA": {"name": "SILVIO JOSE DA SILVA", "type": "membro", "active": true, "income": {"total": 4322.84, "wage": 0.0, "perks": {"total": 0.0, "food": 0.0, "pre_school": 0, "health": 0.0, "birth_aid": 0.0, "housing_aid": 0.0, "subsistence": 0.0}, "other": {"total": 4322.84, "daily": 0.0, "others_total": 4322.84, "others": {"Abono de permanência": 0, "Abono constitucional de 1/3 de férias": 0.0, "Indenização de férias": 0.0, "Antecipação de férias": 0, "Gratificação natalina": 0.0, "Antecipação de gratificação natalina": 0.0, "Substituição": 0, "Gratificação por exercício cumulativo": 0, "Gratificação por encargo Curso/Concurso": 4322.84, "Pagamentos retroativos": 0.0, "JETON": 0.0}}}, "discounts": {"total": 1188.78, "prev_contribution": 0.0, "ceil_retention": 0.0, "income_tax": 1188.78, "others_total": 0.0, "others": {"Descontos Diversos": 0.0}}}, "SIVANILDO TORRES FERREIRA": {"name": "SIVANILDO TORRES FERREIRA", "type": "membro", "active": true, "income": {"total": 4631.61, "wage": 0.0, "perks": {"total": 0.0, "food": 0.0, "pre_school": 0, "health": 0.0, "birth_aid": 0.0, "housing_aid": 0.0, "subsistence": 0.0}, "other": {"total": 4631.61, "daily": 0.0, "others_total": 4631.61, "others": {"Abono de permanência": 0, "Abono constitucional de 1/3 de férias": 0.0, "Indenização de férias": 0.0, "Antecipação de férias": 0, "Gratificação natalina": 0.0, "Antecipação de gratificação natalina": 0.0, "Substituição": 0, "Gratificação por exercício cumulativo": 0, "Gratificação por encargo Curso/Concurso": 4631.61, "Pagamentos retroativos": 0.0, "JETON": 0.0}}}, "discounts": {"total": 1272.05, "prev_contribution": 0.0, "ceil_retention": 0.0, "income_tax": 1272.05, "others_total": 0.0, "others": {"Descontos Diversos": 0.0}}}, "VALERIO ANDRADE PORTO": {"name": "VALERIO ANDRADE PORTO", "type": "membro", "active": true, "income": {"total": 4631.61, "wage": 0.0, "perks": {"total": 0.0, "food": 0.0, "pre_school": 0, "health": 0.0, "birth_aid": 0.0, "housing_aid": 0.0, "subsistence": 0.0}, "other": {"total": 4631.61, "daily": 0.0, "others_total": 4631.61, "others": {"Abono de permanência": 0, "Abono constitucional de 1/3 de férias": 0.0, "Indenização de férias": 0.0, "Antecipação de férias": 0, "Gratificação natalina": 0.0, "Antecipação de gratificação natalina": 0.0, "Substituição": 0, "Gratificação por exercício cumulativo": 0, "Gratificação por encargo Curso/Concurso": 4631.61, "Pagamentos retroativos": 0.0, "JETON": 0.0}}}, "discounts": {"total": 1272.05, "prev_contribution": 0.0, "ceil_retention": 0.0, "income_tax": 1272.05, "others_total": 0.0, "others": {"Descontos Diversos": 0.0}}}, "VANESSA MOURA PEREIRA DE CAVALCANTE": {"name": "VANESSA MOURA PEREIRA DE CAVALCANTE", "type": "membro", "active": true, "income": {"total": 4168.45, "wage": 0.0, "perks": {"total": 0.0, "food": 0.0, "pre_school": 0, "health": 0.0, "birth_aid": 0.0, "housing_aid": 0.0, "subsistence": 0.0}, "other": {"total": 4168.45, "daily": 0.0, "others_total": 4168.45, "others": {"Abono de permanência": 0, "Abono constitucional de 1/3 de férias": 0.0, "Indenização de férias": 0.0, "Antecipação de férias": 0, "Gratificação natalina": 0.0, "Antecipação de gratificação natalina": 0.0, "Substituição": 0, "Gratificação por exercício cumulativo": 0, "Gratificação por encargo Curso/Concurso": 4168.45, "Pagamentos retroativos": 0.0, "JETON": 0.0}}}, "discounts": {"total": 1146.32, "prev_contribution": 0.0, "ceil_retention": 0.0, "income_tax": 1146.32, "others_total": 0.0, "others": {"Descontos Diversos": 0.0}}}, "VICTOR CARVALHO VEGGI": {"name": "VICTOR CARVALHO VEGGI", "type": "membro", "active": true, "income": {"total": 13711.95, "wage": 0.0, "perks": {"total": 0.0, "food": 0.0, "pre_school": 0, "health": 0.0, "birth_aid": 0.0, "housing_aid": 0.0, "subsistence": 0.0}, "other": {"total": 13711.95, "daily": 0.0, "others_total": 13711.95, "others": {"Abono de permanência": 0, "Abono constitucional de 1/3 de férias": 0.0, "Indenização de férias": 0.0, "Antecipação de férias": 0, "Gratificação natalina": 0.0, "Antecipação de gratificação natalina": 0.0, "Substituição": 0, "Gratificação por exercício cumulativo": 0, "Gratificação por encargo Curso/Concurso": 0.0, "Pagamentos retroativos": 0.0, "JETON": 13711.95}}}, "discounts": {"total": 3770.78, "prev_contribution": 0.0, "ceil_retention": 0.0, "income_tax": 3770.78, "others_total": 0.0, "others": {"Descontos Diversos": 0.0}}}, "VLADIMIR JOSE NOBRE DE CARVALHO": {"name": "VLADIMIR JOSE NOBRE DE CARVALHO", "type": "membro", "active": true, "income": {"total": 4631.61, "wage": 0.0, "perks": {"total": 0.0, "food": 0.0, "pre_school": 0, "health": 0.0, "birth_aid": 0.0, "housing_aid": 0.0, "subsistence": 0.0}, "other": {"total": 4631.61, "daily": 0.0, "others_total": 4631.61, "others": {"Abono de permanência": 0, "Abono constitucional de 1/3 de férias": 0.0, "Indenização de férias": 0.0, "Antecipação de férias": 0, "Gratificação natalina": 0.0, "Antecipação de gratificação natalina": 0.0, "Substituição": 0, "Gratificação por exercício cumulativo": 0, "Gratificação por encargo Curso/Concurso": 4631.61, "Pagamentos retroativos": 0.0, "JETON": 0.0}}}, "discounts": {"total": 616.62, "prev_contribution": 0.0, "ceil_retention": 0.0, "income_tax": 616.62, "others_total": 0.0, "others": {"Descontos Diversos": 0.0}}}}, "timestamp": "2021-03-29T15:31:13-03:00"}}