{"cr": {"aid": "cnj", "month": 8, "year": 2018, "files": [], "crawler": {"id": "cnj", "version": "ec380c3dfeb6636a98177ec17c2de19628669364"}, "employees": {"BRUNO LEONARDO CÂMARA CARRÁ": {"name": "BRUNO LEONARDO CÂMARA CARRÁ", "type": "membro", "active": true, "income": {"total": 43771.11, "wage": 30471.11, "perks": {"total": 0.0, "food": 0.0, "pre_school": 0, "health": 0.0, "birth_aid": 0.0, "housing_aid": 0.0, "subsistence": 0.0}, "other": {"total": 6650.0, "daily": 6650.0, "others_total": 0.0, "others": {"Abono de permanência": 0, "Abono constitucional de 1/3 de férias": 0.0, "Indenização de férias": 0.0, "Antecipação de férias": 0, "Gratificação natalina": 0.0, "Antecipação de gratificação natalina": 0.0, "Substituição": 0, "Gratificação por exercício cumulativo": 0, "Gratificação por encargo Curso/Concurso": 0.0, "Pagamentos retroativos": 0.0, "JETON": 0.0}}}, "discounts": {"total": 167.59, "prev_contribution": 167.59, "ceil_retention": 0.0, "income_tax": 0.0, "others_total": 0.0, "others": {"Descontos Diversos": 0.0}}}, "MARCOS MAIRTON DA SILVA": {"name": "MARCOS MAIRTON DA SILVA", "type": "membro", "active": true, "income": {"total": 38871.11, "wage": 30471.11, "perks": {"total": 0.0, "food": 0.0, "pre_school": 0, "health": 0.0, "birth_aid": 0.0, "housing_aid": 0.0, "subsistence": 0.0}, "other": {"total": 4200.0, "daily": 4200.0, "others_total": 0.0, "others": {"Abono de permanência": 0, "Abono constitucional de 1/3 de férias": 0.0, "Indenização de férias": 0.0, "Antecipação de férias": 0, "Gratificação natalina": 0.0, "Antecipação de gratificação natalina": 0.0, "Substituição": 0, "Gratificação por exercício cumulativo": 0, "Gratificação por encargo Curso/Concurso": 0.0, "Pagamentos retroativos": 0.0, "JETON": 0.0}}}, "discounts": {"total": 995.44, "prev_contribution": 167.59, "ceil_retention": 0.0, "income_tax": 0.0, "others_total": 827.85, "others": {"Descontos Diversos": 827.85}}}}, "timestamp": "2021-03-29T15:31:09-03:00"}}