{"cr": {"aid": "cnj", "month": 10, "year": 2018, "files": [], "crawler": {"id": "cnj", "version": "ec380c3dfeb6636a98177ec17c2de19628669364"}, "employees": {"ALEXANDRE CHINI NETO": {"name": "ALEXANDRE CHINI NETO", "type": "membro", "active": true, "income": {"total": 55874.85, "wage": 32074.85, "perks": {"total": 0.0, "food": 0.0, "pre_school": 0, "health": 0.0, "birth_aid": 0.0, "housing_aid": 0.0, "subsistence": 0.0}, "other": {"total": 11900.0, "daily": 11900.0, "others_total": 0.0, "others": {"Abono de permanência": 0, "Abono constitucional de 1/3 de férias": 0.0, "Indenização de férias": 0.0, "Antecipação de férias": 0, "Gratificação natalina": 0.0, "Antecipação de gratificação natalina": 0.0, "Substituição": 0, "Gratificação por exercício cumulativo": 0, "Gratificação por encargo Curso/Concurso": 0.0, "Pagamentos retroativos": 0.0, "JETON": 0.0}}}, "discounts": {"total": 114.3, "prev_contribution": 0.0, "ceil_retention": 0.0, "income_tax": 114.3, "others_total": 0.0, "others": {"Descontos Diversos": 0.0}}}, "ALOYSIO SILVA CORRÊA DA VEIGA": {"name": "ALOYSIO SILVA CORRÊA DA VEIGA", "type": "membro", "active": true, "income": {"total": 32946.46, "wage": 32946.46, "perks": {"total": 0.0, "food": 0.0, "pre_school": 0, "health": 0.0, "birth_aid": 0.0, "housing_aid": 0.0, "subsistence": 0.0}, "other": {"total": 0.0, "daily": 0.0, "others_total": 0.0, "others": {"Abono de permanência": 0, "Abono constitucional de 1/3 de férias": 0.0, "Indenização de férias": 0.0, "Antecipação de férias": 0, "Gratificação natalina": 0.0, "Antecipação de gratificação natalina": 0.0, "Substituição": 0, "Gratificação por exercício cumulativo": 0, "Gratificação por encargo Curso/Concurso": 0.0, "Pagamentos retroativos": 0.0, "JETON": 0.0}}}, "discounts": {"total": 0.0, "prev_contribution": 0.0, "ceil_retention": 0.0, "income_tax": 0.0, "others_total": 0.0, "others": {"Descontos Diversos": 0.0}}}, "ANDRE LUIS GUIMARÃES GODINHO": {"name": "ANDRE LUIS GUIMARÃES GODINHO", "type": "membro", "active": true, "income": {"total": 38764.96, "wage": 32074.85, "perks": {"total": 1090.11, "food": 910.08, "pre_school": 0, "health": 180.03, "birth_aid": 0.0, "housing_aid": 0.0, "subsistence": 0.0}, "other": {"total": 2800.0, "daily": 2800.0, "others_total": 0.0, "others": {"Abono de permanência": 0, "Abono constitucional de 1/3 de férias": 0.0, "Indenização de férias": 0.0, "Antecipação de férias": 0, "Gratificação natalina": 0.0, "Antecipação de gratificação natalina": 0.0, "Substituição": 0, "Gratificação por exercício cumulativo": 0, "Gratificação por encargo Curso/Concurso": 0.0, "Pagamentos retroativos": 0.0, "JETON": 0.0}}}, "discounts": {"total": 8401.48, "prev_contribution": 621.04, "ceil_retention": 0.0, "income_tax": 7780.44, "others_total": 0.0, "others": {"Descontos Diversos": 0.0}}}, "ARNALDO HOSSEPIAN SALLES LIMA JUNIOR": {"name": "ARNALDO HOSSEPIAN SALLES LIMA JUNIOR", "type": "membro", "active": true, "income": {"total": 42679.69, "wage": 32946.46, "perks": {"total": 633.23, "food": 0.0, "pre_school": 0, "health": 633.23, "birth_aid": 0.0, "housing_aid": 0.0, "subsistence": 0.0}, "other": {"total": 4550.0, "daily": 4550.0, "others_total": 0.0, "others": {"Abono de permanência": 0, "Abono constitucional de 1/3 de férias": 0.0, "Indenização de férias": 0.0, "Antecipação de férias": 0, "Gratificação natalina": 0.0, "Antecipação de gratificação natalina": 0.0, "Substituição": 0, "Gratificação por exercício cumulativo": 0, "Gratificação por encargo Curso/Concurso": 0.0, "Pagamentos retroativos": 0.0, "JETON": 0.0}}}, "discounts": {"total": 0.0, "prev_contribution": 0.0, "ceil_retention": 0.0, "income_tax": 0.0, "others_total": 0.0, "others": {"Descontos Diversos": 0.0}}}, "BRÁULIO GABRIEL GUSMÃO": {"name": "BRÁULIO GABRIEL GUSMÃO", "type": "membro", "active": true, "income": {"total": 67074.85, "wage": 32074.85, "perks": {"total": 0.0, "food": 0.0, "pre_school": 0, "health": 0.0, "birth_aid": 0.0, "housing_aid": 0.0, "subsistence": 0.0}, "other": {"total": 17500.0, "daily": 17500.0, "others_total": 0.0, "others": {"Abono de permanência": 0, "Abono constitucional de 1/3 de férias": 0.0, "Indenização de férias": 0.0, "Antecipação de férias": 0, "Gratificação natalina": 0.0, "Antecipação de gratificação natalina": 0.0, "Substituição": 0, "Gratificação por exercício cumulativo": 0, "Gratificação por encargo Curso/Concurso": 0.0, "Pagamentos retroativos": 0.0, "JETON": 0.0}}}, "discounts": {"total": 114.3, "prev_contribution": 0.0, "ceil_retention": 0.0, "income_tax": 114.3, "others_total": 0.0, "others": {"Descontos Diversos": 0.0}}}, "CARL OLAV SMITH": {"name": "CARL OLAV SMITH", "type": "membro", "active": true, "income": {"total": 32074.85, "wage": 32074.85, "perks": {"total": 0.0, "food": 0.0, "pre_school": 0, "health": 0.0, "birth_aid": 0.0, "housing_aid": 0.0, "subsistence": 0.0}, "other": {"total": 0.0, "daily": 0.0, "others_total": 0.0, "others": {"Abono de permanência": 0, "Abono constitucional de 1/3 de férias": 0.0, "Indenização de férias": 0.0, "Antecipação de férias": 0, "Gratificação natalina": 0.0, "Antecipação de gratificação natalina": 0.0, "Substituição": 0, "Gratificação por exercício cumulativo": 0, "Gratificação por encargo Curso/Concurso": 0.0, "Pagamentos retroativos": 0.0, "JETON": 0.0}}}, "discounts": {"total": 1163.78, "prev_contribution": 0.0, "ceil_retention": 0.0, "income_tax": 1163.78, "others_total": 0.0, "others": {"Descontos Diversos": 0.0}}}, "CARLOS GUSTAVO VIANNA DIREITO": {"name": "CARLOS GUSTAVO VIANNA DIREITO", "type": "membro", "active": true, "income": {"total": 41174.85, "wage": 32074.85, "perks": {"total": 0.0, "food": 0.0, "pre_school": 0, "health": 0.0, "birth_aid": 0.0, "housing_aid": 0.0, "subsistence": 0.0}, "other": {"total": 4550.0, "daily": 4550.0, "others_total": 0.0, "others": {"Abono de permanência": 0, "Abono constitucional de 1/3 de férias": 0.0, "Indenização de férias": 0.0, "Antecipação de férias": 0, "Gratificação natalina": 0.0, "Antecipação de gratificação natalina": 0.0, "Substituição": 0, "Gratificação por exercício cumulativo": 0, "Gratificação por encargo Curso/Concurso": 0.0, "Pagamentos retroativos": 0.0, "JETON": 0.0}}}, "discounts": {"total": 114.3, "prev_contribution": 0.0, "ceil_retention": 0.0, "income_tax": 114.3, "others_total": 0.0, "others": {"Descontos Diversos": 0.0}}}, "CARLOS VIEIRA VON ADAMEK": {"name": "CARLOS VIEIRA VON ADAMEK", "type": "membro", "active": true, "income": {"total": 48174.85, "wage": 32074.85, "perks": {"total": 0.0, "food": 0.0, "pre_school": 0, "health": 0.0, "birth_aid": 0.0, "housing_aid": 0.0, "subsistence": 0.0}, "other": {"total": 8050.0, "daily": 8050.0, "others_total": 0.0, "others": {"Abono de permanência": 0, "Abono constitucional de 1/3 de férias": 0.0, "Indenização de férias": 0.0, "Antecipação de férias": 0, "Gratificação natalina": 0.0, "Antecipação de gratificação natalina": 0.0, "Substituição": 0, "Gratificação por exercício cumulativo": 0, "Gratificação por encargo Curso/Concurso": 0.0, "Pagamentos retroativos": 0.0, "JETON": 0.0}}}, "discounts": {"total": 0.0, "prev_contribution": 0.0, "ceil_retention": 0.0, "income_tax": 0.0, "others_total": 0.0, "others": {"Descontos Diversos": 0.0}}}, "DALDICE MARIA SANTANA DE ALMEIDA": {"name": "DALDICE MARIA SANTANA DE ALMEIDA", "type": "membro", "active": true, "income": {"total": 41174.85, "wage": 32074.85, "perks": {"total": 0.0, "food": 0.0, "pre_school": 0, "health": 0.0, "birth_aid": 0.0, "housing_aid": 0.0, "subsistence": 0.0}, "other": {"total": 4550.0, "daily": 4550.0, "others_total": 0.0, "others": {"Abono de permanência": 0, "Abono constitucional de 1/3 de férias": 0.0, "Indenização de férias": 0.0, "Antecipação de férias": 0, "Gratificação natalina": 0.0, "Antecipação de gratificação natalina": 0.0, "Substituição": 0, "Gratificação por exercício cumulativo": 0, "Gratificação por encargo Curso/Concurso": 0.0, "Pagamentos retroativos": 0.0, "JETON": 0.0}}}, "discounts": {"total": 0.0, "prev_contribution": 0.0, "ceil_retention": 0.0, "income_tax": 0.0, "others_total": 0.0, "others": {"Descontos Diversos": 0.0}}}, "DANIEL CARNIO COSTA": {"name": "DANIEL CARNIO COSTA", "type": "membro", "active": true, "income": {"total": 55174.85, "wage": 32074.85, "perks": {"total": 0.0, "food": 0.0, "pre_school": 0, "health": 0.0, "birth_aid": 0.0, "housing_aid": 0.0, "subsistence": 0.0}, "other": {"total": 11550.0, "daily": 11550.0, "others_total": 0.0, "others": {"Abono de permanência": 0, "Abono constitucional de 1/3 de férias": 0.0, "Indenização de férias": 0.0, "Antecipação de férias": 0, "Gratificação natalina": 0.0, "Antecipação de gratificação natalina": 0.0, "Substituição": 0, "Gratificação por exercício cumulativo": 0, "Gratificação por encargo Curso/Concurso": 0.0, "Pagamentos retroativos": 0.0, "JETON": 0.0}}}, "discounts": {"total": 114.3, "prev_contribution": 0.0, "ceil_retention": 0.0, "income_tax": 114.3, "others_total": 0.0, "others": {"Descontos Diversos": 0.0}}}, "DÉBORA HERINGER MEGIORIN": {"name": "DÉBORA HERINGER MEGIORIN", "type": "membro", "active": true, "income": {"total": 0.0, "wage": 0.0, "perks": {"total": 0.0, "food": 0.0, "pre_school": 0, "health": 0.0, "birth_aid": 0.0, "housing_aid": 0.0, "subsistence": 0.0}, "other": {"total": 0.0, "daily": 0.0, "others_total": 0.0, "others": {"Abono de permanência": 0, "Abono constitucional de 1/3 de férias": 0.0, "Indenização de férias": 0.0, "Antecipação de férias": 0, "Gratificação natalina": 0.0, "Antecipação de gratificação natalina": 0.0, "Substituição": 0, "Gratificação por exercício cumulativo": 0, "Gratificação por encargo Curso/Concurso": 0.0, "Pagamentos retroativos": 0.0, "JETON": 0.0}}}, "discounts": {"total": 0.0, "prev_contribution": 0.0, "ceil_retention": 0.0, "income_tax": 0.0, "others_total": 0.0, "others": {"Descontos Diversos": 0.0}}}, "FERNANDO CESAR BAPTISTA DE MATTOS": {"name": "FERNANDO CESAR BAPTISTA DE MATTOS", "type": "membro", "active": true, "income": {"total": 41174.85, "wage": 32074.85, "perks": {"total": 0.0, "food": 0.0, "pre_school": 0, "health": 0.0, "birth_aid": 0.0, "housing_aid": 0.0, "subsistence": 0.0}, "other": {"total": 4550.0, "daily": 4550.0, "others_total": 0.0, "others": {"Abono de permanência": 0, "Abono constitucional de 1/3 de férias": 0.0, "Indenização de férias": 0.0, "Antecipação de férias": 0, "Gratificação natalina": 0.0, "Antecipação de gratificação natalina": 0.0, "Substituição": 0, "Gratificação por exercício cumulativo": 0, "Gratificação por encargo Curso/Concurso": 0.0, "Pagamentos retroativos": 0.0, "JETON": 0.0}}}, "discounts": {"total": 114.3, "prev_contribution": 0.0, "ceil_retention": 0.0, "income_tax": 114.3, "others_total": 0.0, "others": {"Descontos Diversos": 0.0}}}, "FLÁVIA MOREIRA GUIMARÃES PESSOA": {"name": "FLÁVIA MOREIRA GUIMARÃES PESSOA", "type": "membro", "active": true, "income": {"total": 42405.38, "wage": 32074.85, "perks": {"total": 0.0, "food": 0.0, "pre_school": 0, "health": 0.0, "birth_aid": 0.0, "housing_aid": 0.0, "subsistence": 0.0}, "other": {"total": 5780.53, "daily": 4550.0, "others_total": 1230.53, "others": {"Abono de permanência": 0, "Abono constitucional de 1/3 de férias": 0.0, "Indenização de férias": 0.0, "Antecipação de férias": 0, "Gratificação natalina": 0.0, "Antecipação de gratificação natalina": 0.0, "Substituição": 0, "Gratificação por exercício cumulativo": 0, "Gratificação por encargo Curso/Concurso": 0.0, "Pagamentos retroativos": 1230.53, "JETON": 0.0}}}, "discounts": {"total": 344.38, "prev_contribution": 0.0, "ceil_retention": 0.0, "income_tax": 344.38, "others_total": 0.0, "others": {"Descontos Diversos": 0.0}}}, "FRANCISCO LUCIANO DE AZEVEDO FROTA": {"name": "FRANCISCO LUCIANO DE AZEVEDO FROTA", "type": "membro", "active": true, "income": {"total": 32074.85, "wage": 32074.85, "perks": {"total": 0.0, "food": 0.0, "pre_school": 0, "health": 0.0, "birth_aid": 0.0, "housing_aid": 0.0, "subsistence": 0.0}, "other": {"total": 0.0, "daily": 0.0, "others_total": 0.0, "others": {"Abono de permanência": 0, "Abono constitucional de 1/3 de férias": 0.0, "Indenização de férias": 0.0, "Antecipação de férias": 0, "Gratificação natalina": 0.0, "Antecipação de gratificação natalina": 0.0, "Substituição": 0, "Gratificação por exercício cumulativo": 0, "Gratificação por encargo Curso/Concurso": 0.0, "Pagamentos retroativos": 0.0, "JETON": 0.0}}}, "discounts": {"total": 114.3, "prev_contribution": 0.0, "ceil_retention": 0.0, "income_tax": 114.3, "others_total": 0.0, "others": {"Descontos Diversos": 0.0}}}, "HENRIQUE DE ALMEIDA AVILA": {"name": "HENRIQUE DE ALMEIDA AVILA", "type": "membro", "active": true, "income": {"total": 40950.39, "wage": 32074.85, "perks": {"total": 1875.54, "food": 910.08, "pre_school": 0, "health": 965.46, "birth_aid": 0.0, "housing_aid": 0.0, "subsistence": 0.0}, "other": {"total": 3500.0, "daily": 3500.0, "others_total": 0.0, "others": {"Abono de permanência": 0, "Abono constitucional de 1/3 de férias": 0.0, "Indenização de férias": 0.0, "Antecipação de férias": 0, "Gratificação natalina": 0.0, "Antecipação de gratificação natalina": 0.0, "Substituição": 0, "Gratificação por exercício cumulativo": 0, "Gratificação por encargo Curso/Concurso": 0.0, "Pagamentos retroativos": 0.0, "JETON": 0.0}}}, "discounts": {"total": 8401.48, "prev_contribution": 621.04, "ceil_retention": 0.0, "income_tax": 7780.44, "others_total": 0.0, "others": {"Descontos Diversos": 0.0}}}, "HUMBERTO EUSTÁQUIO SOARES MARTINS": {"name": "HUMBERTO EUSTÁQUIO SOARES MARTINS", "type": "membro", "active": true, "income": {"total": 36446.46, "wage": 32946.46, "perks": {"total": 0.0, "food": 0.0, "pre_school": 0, "health": 0.0, "birth_aid": 0.0, "housing_aid": 0.0, "subsistence": 0.0}, "other": {"total": 1750.0, "daily": 1750.0, "others_total": 0.0, "others": {"Abono de permanência": 0, "Abono constitucional de 1/3 de férias": 0.0, "Indenização de férias": 0.0, "Antecipação de férias": 0, "Gratificação natalina": 0.0, "Antecipação de gratificação natalina": 0.0, "Substituição": 0, "Gratificação por exercício cumulativo": 0, "Gratificação por encargo Curso/Concurso": 0.0, "Pagamentos retroativos": 0.0, "JETON": 0.0}}}, "discounts": {"total": 0.0, "prev_contribution": 0.0, "ceil_retention": 0.0, "income_tax": 0.0, "others_total": 0.0, "others": {"Descontos Diversos": 0.0}}}, "JORSENILDO DOURADO DO NASCIMENTO": {"name": "JORSENILDO DOURADO DO NASCIMENTO", "type": "membro", "active": true, "income": {"total": 41174.85, "wage": 32074.85, "perks": {"total": 0.0, "food": 0.0, "pre_school": 0, "health": 0.0, "birth_aid": 0.0, "housing_aid": 0.0, "subsistence": 0.0}, "other": {"total": 4550.0, "daily": 4550.0, "others_total": 0.0, "others": {"Abono de permanência": 0, "Abono constitucional de 1/3 de férias": 0.0, "Indenização de férias": 0.0, "Antecipação de férias": 0, "Gratificação natalina": 0.0, "Antecipação de gratificação natalina": 0.0, "Substituição": 0, "Gratificação por exercício cumulativo": 0, "Gratificação por encargo Curso/Concurso": 0.0, "Pagamentos retroativos": 0.0, "JETON": 0.0}}}, "discounts": {"total": 114.3, "prev_contribution": 0.0, "ceil_retention": 0.0, "income_tax": 114.3, "others_total": 0.0, "others": {"Descontos Diversos": 0.0}}}, "JOSÉ ANTONIO DIAS TOFFOLI": {"name": "JOSÉ ANTONIO DIAS TOFFOLI", "type": "membro", "active": true, "income": {"total": 33763.0, "wage": 33763.0, "perks": {"total": 0.0, "food": 0.0, "pre_school": 0, "health": 0.0, "birth_aid": 0.0, "housing_aid": 0.0, "subsistence": 0.0}, "other": {"total": 0.0, "daily": 0.0, "others_total": 0.0, "others": {"Abono de permanência": 0, "Abono constitucional de 1/3 de férias": 0.0, "Indenização de férias": 0.0, "Antecipação de férias": 0, "Gratificação natalina": 0.0, "Antecipação de gratificação natalina": 0.0, "Substituição": 0, "Gratificação por exercício cumulativo": 0, "Gratificação por encargo Curso/Concurso": 0.0, "Pagamentos retroativos": 0.0, "JETON": 0.0}}}, "discounts": {"total": 0.0, "prev_contribution": 0.0, "ceil_retention": 0.0, "income_tax": 0.0, "others_total": 0.0, "others": {"Descontos Diversos": 0.0}}}, "KELLY CRISTINA OLIVEIRA COSTA": {"name": "KELLY CRISTINA OLIVEIRA COSTA", "type": "membro", "active": true, "income": {"total": 32074.85, "wage": 32074.85, "perks": {"total": 0.0, "food": 0.0, "pre_school": 0, "health": 0.0, "birth_aid": 0.0, "housing_aid": 0.0, "subsistence": 0.0}, "other": {"total": 0.0, "daily": 0.0, "others_total": 0.0, "others": {"Abono de permanência": 0, "Abono constitucional de 1/3 de férias": 0.0, "Indenização de férias": 0.0, "Antecipação de férias": 0, "Gratificação natalina": 0.0, "Antecipação de gratificação natalina": 0.0, "Substituição": 0, "Gratificação por exercício cumulativo": 0, "Gratificação por encargo Curso/Concurso": 0.0, "Pagamentos retroativos": 0.0, "JETON": 0.0}}}, "discounts": {"total": 114.3, "prev_contribution": 0.0, "ceil_retention": 0.0, "income_tax": 114.3, "others_total": 0.0, "others": {"Descontos Diversos": 0.0}}}, "LÍVIA CRISTINA MARQUES PERES": {"name": "LÍVIA CRISTINA MARQUES PERES", "type": "membro", "active": true, "income": {"total": 44674.85, "wage": 32074.85, "perks": {"total": 0.0, "food": 0.0, "pre_school": 0, "health": 0.0, "birth_aid": 0.0, "housing_aid": 0.0, "subsistence": 0.0}, "other": {"total": 6300.0, "daily": 6300.0, "others_total": 0.0, "others": {"Abono de permanência": 0, "Abono constitucional de 1/3 de férias": 0.0, "Indenização de férias": 0.0, "Antecipação de férias": 0, "Gratificação natalina": 0.0, "Antecipação de gratificação natalina": 0.0, "Substituição": 0, "Gratificação por exercício cumulativo": 0, "Gratificação por encargo Curso/Concurso": 0.0, "Pagamentos retroativos": 0.0, "JETON": 0.0}}}, "discounts": {"total": 114.3, "prev_contribution": 0.0, "ceil_retention": 0.0, "income_tax": 114.3, "others_total": 0.0, "others": {"Descontos Diversos": 0.0}}}, "LUÍS GERALDO SANT'ANA LANFREDI": {"name": "LUÍS GERALDO SANT'ANA LANFREDI", "type": "membro", "active": true, "income": {"total": 45374.85, "wage": 32074.85, "perks": {"total": 0.0, "food": 0.0, "pre_school": 0, "health": 0.0, "birth_aid": 0.0, "housing_aid": 0.0, "subsistence": 0.0}, "other": {"total": 6650.0, "daily": 6650.0, "others_total": 0.0, "others": {"Abono de permanência": 0, "Abono constitucional de 1/3 de férias": 0.0, "Indenização de férias": 0.0, "Antecipação de férias": 0, "Gratificação natalina": 0.0, "Antecipação de gratificação natalina": 0.0, "Substituição": 0, "Gratificação por exercício cumulativo": 0, "Gratificação por encargo Curso/Concurso": 0.0, "Pagamentos retroativos": 0.0, "JETON": 0.0}}}, "discounts": {"total": 114.3, "prev_contribution": 0.0, "ceil_retention": 0.0, "income_tax": 114.3, "others_total": 0.0, "others": {"Descontos Diversos": 0.0}}}, "MARCIO DA SILVA ALEXANDRE": {"name": "MARCIO DA SILVA ALEXANDRE", "type": "membro", "active": true, "income": {"total": 37346.99, "wage": 32074.85, "perks": {"total": 0.0, "food": 0.0, "pre_school": 0, "health": 0.0, "birth_aid": 0.0, "housing_aid": 0.0, "subsistence": 0.0}, "other": {"total": 3522.14, "daily": 1750.0, "others_total": 1772.14, "others": {"Abono de permanência": 0, "Abono constitucional de 1/3 de férias": 0.0, "Indenização de férias": 0.0, "Antecipação de férias": 0, "Gratificação natalina": 0.0, "Antecipação de gratificação natalina": 0.0, "Substituição": 0, "Gratificação por exercício cumulativo": 0, "Gratificação por encargo Curso/Concurso": 0.0, "Pagamentos retroativos": 1772.14, "JETON": 0.0}}}, "discounts": {"total": 477.99, "prev_contribution": 0.0, "ceil_retention": 0.0, "income_tax": 477.99, "others_total": 0.0, "others": {"Descontos Diversos": 0.0}}}, "MARCIO EVANGELISTA FERREIRA DA SILVA": {"name": "MARCIO EVANGELISTA FERREIRA DA SILVA", "type": "membro", "active": true, "income": {"total": 32074.85, "wage": 32074.85, "perks": {"total": 0.0, "food": 0.0, "pre_school": 0, "health": 0.0, "birth_aid": 0.0, "housing_aid": 0.0, "subsistence": 0.0}, "other": {"total": 0.0, "daily": 0.0, "others_total": 0.0, "others": {"Abono de permanência": 0, "Abono constitucional de 1/3 de férias": 0.0, "Indenização de férias": 0.0, "Antecipação de férias": 0, "Gratificação natalina": 0.0, "Antecipação de gratificação natalina": 0.0, "Substituição": 0, "Gratificação por exercício cumulativo": 0, "Gratificação por encargo Curso/Concurso": 0.0, "Pagamentos retroativos": 0.0, "JETON": 0.0}}}, "discounts": {"total": 114.3, "prev_contribution": 0.0, "ceil_retention": 0.0, "income_tax": 114.3, "others_total": 0.0, "others": {"Descontos Diversos": 0.0}}}, "MARCIO LUIZ COELHO DE FREITAS": {"name": "MARCIO LUIZ COELHO DE FREITAS", "type": "membro", "active": true, "income": {"total": 38374.85, "wage": 32074.85, "perks": {"total": 0.0, "food": 0.0, "pre_school": 0, "health": 0.0, "birth_aid": 0.0, "housing_aid": 0.0, "subsistence": 0.0}, "other": {"total": 3150.0, "daily": 3150.0, "others_total": 0.0, "others": {"Abono de permanência": 0, "Abono constitucional de 1/3 de férias": 0.0, "Indenização de férias": 0.0, "Antecipação de férias": 0, "Gratificação natalina": 0.0, "Antecipação de gratificação natalina": 0.0, "Substituição": 0, "Gratificação por exercício cumulativo": 0, "Gratificação por encargo Curso/Concurso": 0.0, "Pagamentos retroativos": 0.0, "JETON": 0.0}}}, "discounts": {"total": 114.3, "prev_contribution": 0.0, "ceil_retention": 0.0, "income_tax": 114.3, "others_total": 0.0, "others": {"Descontos Diversos": 0.0}}}, "MÁRCIO SCHIEFLER FONTES": {"name": "MÁRCIO SCHIEFLER FONTES", "type": "membro", "active": true, "income": {"total": 60782.37, "wage": 32074.85, "perks": {"total": 0.0, "food": 0.0, "pre_school": 0, "health": 0.0, "birth_aid": 0.0, "housing_aid": 0.0, "subsistence": 0.0}, "other": {"total": 14353.76, "daily": 14353.76, "others_total": 0.0, "others": {"Abono de permanência": 0, "Abono constitucional de 1/3 de férias": 0.0, "Indenização de férias": 0.0, "Antecipação de férias": 0, "Gratificação natalina": 0.0, "Antecipação de gratificação natalina": 0.0, "Substituição": 0, "Gratificação por exercício cumulativo": 0, "Gratificação por encargo Curso/Concurso": 0.0, "Pagamentos retroativos": 0.0, "JETON": 0.0}}}, "discounts": {"total": 144.05, "prev_contribution": 0.0, "ceil_retention": 0.0, "income_tax": 144.05, "others_total": 0.0, "others": {"Descontos Diversos": 0.0}}}, "MARIA IRACEMA MARTINS DO VALE": {"name": "MARIA IRACEMA MARTINS DO VALE", "type": "membro", "active": true, "income": {"total": 42574.85, "wage": 32074.85, "perks": {"total": 0.0, "food": 0.0, "pre_school": 0, "health": 0.0, "birth_aid": 0.0, "housing_aid": 0.0, "subsistence": 0.0}, "other": {"total": 5250.0, "daily": 5250.0, "others_total": 0.0, "others": {"Abono de permanência": 0, "Abono constitucional de 1/3 de férias": 0.0, "Indenização de férias": 0.0, "Antecipação de férias": 0, "Gratificação natalina": 0.0, "Antecipação de gratificação natalina": 0.0, "Substituição": 0, "Gratificação por exercício cumulativo": 0, "Gratificação por encargo Curso/Concurso": 0.0, "Pagamentos retroativos": 0.0, "JETON": 0.0}}}, "discounts": {"total": 0.0, "prev_contribution": 0.0, "ceil_retention": 0.0, "income_tax": 0.0, "others_total": 0.0, "others": {"Descontos Diversos": 0.0}}}, "MARIA TEREZA UILLE GOMES": {"name": "MARIA TEREZA UILLE GOMES", "type": "membro", "active": true, "income": {"total": 42084.93, "wage": 32074.85, "perks": {"total": 910.08, "food": 910.08, "pre_school": 0, "health": 0.0, "birth_aid": 0.0, "housing_aid": 0.0, "subsistence": 0.0}, "other": {"total": 4550.0, "daily": 4550.0, "others_total": 0.0, "others": {"Abono de permanência": 0, "Abono constitucional de 1/3 de férias": 0.0, "Indenização de férias": 0.0, "Antecipação de férias": 0, "Gratificação natalina": 0.0, "Antecipação de gratificação natalina": 0.0, "Substituição": 0, "Gratificação por exercício cumulativo": 0, "Gratificação por encargo Curso/Concurso": 0.0, "Pagamentos retroativos": 0.0, "JETON": 0.0}}}, "discounts": {"total": 128.29, "prev_contribution": 128.29, "ceil_retention": 0.0, "income_tax": 0.0, "others_total": 0.0, "others": {"Descontos Diversos": 0.0}}}, "MIGUEL ANGELO DE ALVARENGA LOPES": {"name": "MIGUEL ANGELO DE ALVARENGA LOPES", "type": "membro", "active": true, "income": {"total": 48874.85, "wage": 32074.85, "perks": {"total": 0.0, "food": 0.0, "pre_school": 0, "health": 0.0, "birth_aid": 0.0, "housing_aid": 0.0, "subsistence": 0.0}, "other": {"total": 8400.0, "daily": 8400.0, "others_total": 0.0, "others": {"Abono de permanência": 0, "Abono constitucional de 1/3 de férias": 0.0, "Indenização de férias": 0.0, "Antecipação de férias": 0, "Gratificação natalina": 0.0, "Antecipação de gratificação natalina": 0.0, "Substituição": 0, "Gratificação por exercício cumulativo": 0, "Gratificação por encargo Curso/Concurso": 0.0, "Pagamentos retroativos": 0.0, "JETON": 0.0}}}, "discounts": {"total": 114.3, "prev_contribution": 0.0, "ceil_retention": 0.0, "income_tax": 114.3, "others_total": 0.0, "others": {"Descontos Diversos": 0.0}}}, "NARTIR DANTAS WEBER": {"name": "NARTIR DANTAS WEBER", "type": "membro", "active": true, "income": {"total": 48874.85, "wage": 32074.85, "perks": {"total": 0.0, "food": 0.0, "pre_school": 0, "health": 0.0, "birth_aid": 0.0, "housing_aid": 0.0, "subsistence": 0.0}, "other": {"total": 8400.0, "daily": 8400.0, "others_total": 0.0, "others": {"Abono de permanência": 0, "Abono constitucional de 1/3 de férias": 0.0, "Indenização de férias": 0.0, "Antecipação de férias": 0, "Gratificação natalina": 0.0, "Antecipação de gratificação natalina": 0.0, "Substituição": 0, "Gratificação por exercício cumulativo": 0, "Gratificação por encargo Curso/Concurso": 0.0, "Pagamentos retroativos": 0.0, "JETON": 0.0}}}, "discounts": {"total": 173.71, "prev_contribution": 0.0, "ceil_retention": 0.0, "income_tax": 173.71, "others_total": 0.0, "others": {"Descontos Diversos": 0.0}}}, "RICHARD PAE KIM": {"name": "RICHARD PAE KIM", "type": "membro", "active": true, "income": {"total": 67007.89, "wage": 32074.85, "perks": {"total": 0.0, "food": 0.0, "pre_school": 0, "health": 0.0, "birth_aid": 0.0, "housing_aid": 0.0, "subsistence": 0.0}, "other": {"total": 17466.52, "daily": 17466.52, "others_total": 0.0, "others": {"Abono de permanência": 0, "Abono constitucional de 1/3 de férias": 0.0, "Indenização de férias": 0.0, "Antecipação de férias": 0, "Gratificação natalina": 0.0, "Antecipação de gratificação natalina": 0.0, "Substituição": 0, "Gratificação por exercício cumulativo": 0, "Gratificação por encargo Curso/Concurso": 0.0, "Pagamentos retroativos": 0.0, "JETON": 0.0}}}, "discounts": {"total": 114.3, "prev_contribution": 0.0, "ceil_retention": 0.0, "income_tax": 114.3, "others_total": 0.0, "others": {"Descontos Diversos": 0.0}}}, "RODRIGO CAPEZ": {"name": "RODRIGO CAPEZ", "type": "membro", "active": true, "income": {"total": 46074.85, "wage": 32074.85, "perks": {"total": 0.0, "food": 0.0, "pre_school": 0, "health": 0.0, "birth_aid": 0.0, "housing_aid": 0.0, "subsistence": 0.0}, "other": {"total": 7000.0, "daily": 7000.0, "others_total": 0.0, "others": {"Abono de permanência": 0, "Abono constitucional de 1/3 de férias": 0.0, "Indenização de férias": 0.0, "Antecipação de férias": 0, "Gratificação natalina": 0.0, "Antecipação de gratificação natalina": 0.0, "Substituição": 0, "Gratificação por exercício cumulativo": 0, "Gratificação por encargo Curso/Concurso": 0.0, "Pagamentos retroativos": 0.0, "JETON": 0.0}}}, "discounts": {"total": 114.3, "prev_contribution": 0.0, "ceil_retention": 0.0, "income_tax": 114.3, "others_total": 0.0, "others": {"Descontos Diversos": 0.0}}}, "SANDRA APARECIDA SILVESTRE DE FRIAS TORRES": {"name": "SANDRA APARECIDA SILVESTRE DE FRIAS TORRES", "type": "membro", "active": true, "income": {"total": 50274.85, "wage": 32074.85, "perks": {"total": 0.0, "food": 0.0, "pre_school": 0, "health": 0.0, "birth_aid": 0.0, "housing_aid": 0.0, "subsistence": 0.0}, "other": {"total": 9100.0, "daily": 9100.0, "others_total": 0.0, "others": {"Abono de permanência": 0, "Abono constitucional de 1/3 de férias": 0.0, "Indenização de férias": 0.0, "Antecipação de férias": 0, "Gratificação natalina": 0.0, "Antecipação de gratificação natalina": 0.0, "Substituição": 0, "Gratificação por exercício cumulativo": 0, "Gratificação por encargo Curso/Concurso": 0.0, "Pagamentos retroativos": 0.0, "JETON": 0.0}}}, "discounts": {"total": 114.3, "prev_contribution": 0.0, "ceil_retention": 0.0, "income_tax": 114.3, "others_total": 0.0, "others": {"Descontos Diversos": 0.0}}}, "SERGIO RICARDO DE SOUZA": {"name": "SERGIO RICARDO DE SOUZA", "type": "membro", "active": true, "income": {"total": 36233.7, "wage": 32074.85, "perks": {"total": 4158.85, "food": 0.0, "pre_school": 0, "health": 0.0, "birth_aid": 0.0, "housing_aid": 4158.85, "subsistence": 0.0}, "other": {"total": 0.0, "daily": 0.0, "others_total": 0.0, "others": {"Abono de permanência": 0, "Abono constitucional de 1/3 de férias": 0.0, "Indenização de férias": 0.0, "Antecipação de férias": 0, "Gratificação natalina": 0.0, "Antecipação de gratificação natalina": 0.0, "Substituição": 0, "Gratificação por exercício cumulativo": 0, "Gratificação por encargo Curso/Concurso": 0.0, "Pagamentos retroativos": 0.0, "JETON": 0.0}}}, "discounts": {"total": 114.3, "prev_contribution": 0.0, "ceil_retention": 0.0, "income_tax": 114.3, "others_total": 0.0, "others": {"Descontos Diversos": 0.0}}}, "VALDETARIO ANDRADE MONTEIRO": {"name": "VALDETARIO ANDRADE MONTEIRO", "type": "membro", "active": true, "income": {"total": 52392.9, "wage": 32074.85, "perks": {"total": 20318.05, "food": 910.08, "pre_school": 0, "health": 0.0, "birth_aid": 0.0, "housing_aid": 19407.97, "subsistence": 0.0}, "other": {"total": 0.0, "daily": 0.0, "others_total": 0.0, "others": {"Abono de permanência": 0, "Abono constitucional de 1/3 de férias": 0.0, "Indenização de férias": 0.0, "Antecipação de férias": 0, "Gratificação natalina": 0.0, "Antecipação de gratificação natalina": 0.0, "Substituição": 0, "Gratificação por exercício cumulativo": 0, "Gratificação por encargo Curso/Concurso": 0.0, "Pagamentos retroativos": 0.0, "JETON": 0.0}}}, "discounts": {"total": 8401.48, "prev_contribution": 621.04, "ceil_retention": 0.0, "income_tax": 7780.44, "others_total": 0.0, "others": {"Descontos Diversos": 0.0}}}, "VALTERCIO RONALDO DE OLIVEIRA": {"name": "VALTERCIO RONALDO DE OLIVEIRA", "type": "membro", "active": true, "income": {"total": 44674.85, "wage": 32074.85, "perks": {"total": 0.0, "food": 0.0, "pre_school": 0, "health": 0.0, "birth_aid": 0.0, "housing_aid": 0.0, "subsistence": 0.0}, "other": {"total": 6300.0, "daily": 6300.0, "others_total": 0.0, "others": {"Abono de permanência": 0, "Abono constitucional de 1/3 de férias": 0.0, "Indenização de férias": 0.0, "Antecipação de férias": 0, "Gratificação natalina": 0.0, "Antecipação de gratificação natalina": 0.0, "Substituição": 0, "Gratificação por exercício cumulativo": 0, "Gratificação por encargo Curso/Concurso": 0.0, "Pagamentos retroativos": 0.0, "JETON": 0.0}}}, "discounts": {"total": 0.0, "prev_contribution": 0.0, "ceil_retention": 0.0, "income_tax": 0.0, "others_total": 0.0, "others": {"Descontos Diversos": 0.0}}}}, "timestamp": "2021-03-29T15:31:11-03:00"}}