{"cr": {"aid": "cnj", "month": 11, "year": 2020, "files": [], "crawler": {"id": "cnj", "version": "ec380c3dfeb6636a98177ec17c2de19628669364"}, "employees": {"ADRIANO DA SILVA ARAUJO": {"name": "ADRIANO DA SILVA ARAUJO", "type": "membro", "active": true, "income": {"total": 46428.65, "wage": 37328.65, "perks": {"total": 0.0, "food": 0.0, "pre_school": 0, "health": 0.0, "birth_aid": 0.0, "housing_aid": 0.0, "subsistence": 0.0}, "other": {"total": 4550.0, "daily": 4550.0, "others_total": 0.0, "others": {"Abono de permanência": 0, "Abono constitucional de 1/3 de férias": 0.0, "Indenização de férias": 0.0, "Antecipação de férias": 0, "Gratificação natalina": 0.0, "Antecipação de gratificação natalina": 0.0, "Substituição": 0, "Gratificação por exercício cumulativo": 0, "Gratificação por encargo Curso/Concurso": 0.0, "Pagamentos retroativos": 0.0, "JETON": 0.0}}}, "discounts": {"total": 594.72, "prev_contribution": 0.0, "ceil_retention": 0.0, "income_tax": 594.72, "others_total": 0.0, "others": {"Descontos Diversos": 0.0}}}, "ALEXANDRE LIBONATI DE ABREU": {"name": "ALEXANDRE LIBONATI DE ABREU", "type": "membro", "active": true, "income": {"total": 52168.19, "wage": 37328.65, "perks": {"total": 0.0, "food": 0.0, "pre_school": 0, "health": 0.0, "birth_aid": 0.0, "housing_aid": 0.0, "subsistence": 0.0}, "other": {"total": 9239.54, "daily": 5600.0, "others_total": 3639.54, "others": {"Abono de permanência": 0, "Abono constitucional de 1/3 de férias": 0.0, "Indenização de férias": 0.0, "Antecipação de férias": 0, "Gratificação natalina": 0.0, "Antecipação de gratificação natalina": 0.0, "Substituição": 0, "Gratificação por exercício cumulativo": 0, "Gratificação por encargo Curso/Concurso": 0.0, "Pagamentos retroativos": 3639.54, "JETON": 0.0}}}, "discounts": {"total": 1542.29, "prev_contribution": 0.0, "ceil_retention": 565.38, "income_tax": 976.91, "others_total": 0.0, "others": {"Descontos Diversos": 0.0}}}, "ANA LUCIA ANDRADE DE AGUIAR": {"name": "ANA LUCIA ANDRADE DE AGUIAR", "type": "membro", "active": true, "income": {"total": 46968.86, "wage": 37328.65, "perks": {"total": 540.21, "food": 0.0, "pre_school": 0, "health": 540.21, "birth_aid": 0.0, "housing_aid": 0.0, "subsistence": 0.0}, "other": {"total": 4550.0, "daily": 4550.0, "others_total": 0.0, "others": {"Abono de permanência": 0, "Abono constitucional de 1/3 de férias": 0.0, "Indenização de férias": 0.0, "Antecipação de férias": 0, "Gratificação natalina": 0.0, "Antecipação de gratificação natalina": 0.0, "Substituição": 0, "Gratificação por exercício cumulativo": 0, "Gratificação por encargo Curso/Concurso": 0.0, "Pagamentos retroativos": 0.0, "JETON": 0.0}}}, "discounts": {"total": 191.13, "prev_contribution": 0.0, "ceil_retention": 0.0, "income_tax": 191.13, "others_total": 0.0, "others": {"Descontos Diversos": 0.0}}}, "ANDERSON DE PAIVA GABRIEL": {"name": "ANDERSON DE PAIVA GABRIEL", "type": "membro", "active": true, "income": {"total": 46428.65, "wage": 37328.65, "perks": {"total": 0.0, "food": 0.0, "pre_school": 0, "health": 0.0, "birth_aid": 0.0, "housing_aid": 0.0, "subsistence": 0.0}, "other": {"total": 4550.0, "daily": 4550.0, "others_total": 0.0, "others": {"Abono de permanência": 0, "Abono constitucional de 1/3 de férias": 0.0, "Indenização de férias": 0.0, "Antecipação de férias": 0, "Gratificação natalina": 0.0, "Antecipação de gratificação natalina": 0.0, "Substituição": 0, "Gratificação por exercício cumulativo": 0, "Gratificação por encargo Curso/Concurso": 0.0, "Pagamentos retroativos": 0.0, "JETON": 0.0}}}, "discounts": {"total": 215.65, "prev_contribution": 0.0, "ceil_retention": 0.0, "income_tax": 215.65, "others_total": 0.0, "others": {"Descontos Diversos": 0.0}}}, "ANDRE LUIS GUIMARÃES GODINHO": {"name": "ANDRE LUIS GUIMARÃES GODINHO", "type": "membro", "active": true, "income": {"total": 51118.33, "wage": 37328.65, "perks": {"total": 1189.68, "food": 910.08, "pre_school": 0, "health": 279.6, "birth_aid": 0.0, "housing_aid": 0.0, "subsistence": 0.0}, "other": {"total": 6300.0, "daily": 6300.0, "others_total": 0.0, "others": {"Abono de permanência": 0, "Abono constitucional de 1/3 de férias": 0.0, "Indenização de férias": 0.0, "Antecipação de férias": 0, "Gratificação natalina": 0.0, "Antecipação de gratificação natalina": 0.0, "Substituição": 0, "Gratificação por exercício cumulativo": 0, "Gratificação por encargo Curso/Concurso": 0.0, "Pagamentos retroativos": 0.0, "JETON": 0.0}}}, "discounts": {"total": 9913.02, "prev_contribution": 713.1, "ceil_retention": 0.0, "income_tax": 9199.92, "others_total": 0.0, "others": {"Descontos Diversos": 0.0}}}, "ANTONIO CARLOS DE CASTRO NEVES TAVARES": {"name": "ANTONIO CARLOS DE CASTRO NEVES TAVARES", "type": "membro", "active": true, "income": {"total": 47978.49, "wage": 37328.65, "perks": {"total": 1549.84, "food": 0.0, "pre_school": 0, "health": 1549.84, "birth_aid": 0.0, "housing_aid": 0.0, "subsistence": 0.0}, "other": {"total": 4550.0, "daily": 4550.0, "others_total": 0.0, "others": {"Abono de permanência": 0, "Abono constitucional de 1/3 de férias": 0.0, "Indenização de férias": 0.0, "Antecipação de férias": 0, "Gratificação natalina": 0.0, "Antecipação de gratificação natalina": 0.0, "Substituição": 0, "Gratificação por exercício cumulativo": 0, "Gratificação por encargo Curso/Concurso": 0.0, "Pagamentos retroativos": 0.0, "JETON": 0.0}}}, "discounts": {"total": 1496.81, "prev_contribution": 0.0, "ceil_retention": 0.0, "income_tax": 1496.81, "others_total": 0.0, "others": {"Descontos Diversos": 0.0}}}, "CANDICE LAVOCAT GALVÃO JOBIM": {"name": "CANDICE LAVOCAT GALVÃO JOBIM", "type": "membro", "active": true, "income": {"total": 37328.65, "wage": 37328.65, "perks": {"total": 0.0, "food": 0.0, "pre_school": 0, "health": 0.0, "birth_aid": 0.0, "housing_aid": 0.0, "subsistence": 0.0}, "other": {"total": 0.0, "daily": 0.0, "others_total": 0.0, "others": {"Abono de permanência": 0, "Abono constitucional de 1/3 de férias": 0.0, "Indenização de férias": 0.0, "Antecipação de férias": 0, "Gratificação natalina": 0.0, "Antecipação de gratificação natalina": 0.0, "Substituição": 0, "Gratificação por exercício cumulativo": 0, "Gratificação por encargo Curso/Concurso": 0.0, "Pagamentos retroativos": 0.0, "JETON": 0.0}}}, "discounts": {"total": 191.13, "prev_contribution": 0.0, "ceil_retention": 0.0, "income_tax": 191.13, "others_total": 0.0, "others": {"Descontos Diversos": 0.0}}}, "CARL OLAV SMITH": {"name": "CARL OLAV SMITH", "type": "membro", "active": true, "income": {"total": 60495.21, "wage": 48153.95, "perks": {"total": 3241.26, "food": 0.0, "pre_school": 0, "health": 3241.26, "birth_aid": 0.0, "housing_aid": 0.0, "subsistence": 0.0}, "other": {"total": 4550.0, "daily": 4550.0, "others_total": 0.0, "others": {"Abono de permanência": 0, "Abono constitucional de 1/3 de férias": 0.0, "Indenização de férias": 0.0, "Antecipação de férias": 0, "Gratificação natalina": 0.0, "Antecipação de gratificação natalina": 0.0, "Substituição": 0, "Gratificação por exercício cumulativo": 0, "Gratificação por encargo Curso/Concurso": 0.0, "Pagamentos retroativos": 0.0, "JETON": 0.0}}}, "discounts": {"total": 1857.36, "prev_contribution": 0.0, "ceil_retention": 0.0, "income_tax": 1857.36, "others_total": 0.0, "others": {"Descontos Diversos": 0.0}}}, "CARLOS GUSTAVO VIANNA DIREITO": {"name": "CARLOS GUSTAVO VIANNA DIREITO", "type": "membro", "active": true, "income": {"total": 39428.65, "wage": 37328.65, "perks": {"total": 0.0, "food": 0.0, "pre_school": 0, "health": 0.0, "birth_aid": 0.0, "housing_aid": 0.0, "subsistence": 0.0}, "other": {"total": 1050.0, "daily": 1050.0, "others_total": 0.0, "others": {"Abono de permanência": 0, "Abono constitucional de 1/3 de férias": 0.0, "Indenização de férias": 0.0, "Antecipação de férias": 0, "Gratificação natalina": 0.0, "Antecipação de gratificação natalina": 0.0, "Substituição": 0, "Gratificação por exercício cumulativo": 0, "Gratificação por encargo Curso/Concurso": 0.0, "Pagamentos retroativos": 0.0, "JETON": 0.0}}}, "discounts": {"total": 191.13, "prev_contribution": 0.0, "ceil_retention": 0.0, "income_tax": 191.13, "others_total": 0.0, "others": {"Descontos Diversos": 0.0}}}, "CARLOS VIEIRA VON ADAMEK": {"name": "CARLOS VIEIRA VON ADAMEK", "type": "membro", "active": true, "income": {"total": 53282.37, "wage": 37328.65, "perks": {"total": 4053.72, "food": 0.0, "pre_school": 0, "health": 4053.72, "birth_aid": 0.0, "housing_aid": 0.0, "subsistence": 0.0}, "other": {"total": 5950.0, "daily": 5950.0, "others_total": 0.0, "others": {"Abono de permanência": 0, "Abono constitucional de 1/3 de férias": 0.0, "Indenização de férias": 0.0, "Antecipação de férias": 0, "Gratificação natalina": 0.0, "Antecipação de gratificação natalina": 0.0, "Substituição": 0, "Gratificação por exercício cumulativo": 0, "Gratificação por encargo Curso/Concurso": 0.0, "Pagamentos retroativos": 0.0, "JETON": 0.0}}}, "discounts": {"total": 0.0, "prev_contribution": 0.0, "ceil_retention": 0.0, "income_tax": 0.0, "others_total": 0.0, "others": {"Descontos Diversos": 0.0}}}, "DANIEL MARCHIONATTI BARBOSA": {"name": "DANIEL MARCHIONATTI BARBOSA", "type": "membro", "active": true, "income": {"total": 50068.19, "wage": 40968.19, "perks": {"total": 0.0, "food": 0.0, "pre_school": 0, "health": 0.0, "birth_aid": 0.0, "housing_aid": 0.0, "subsistence": 0.0}, "other": {"total": 4550.0, "daily": 4550.0, "others_total": 0.0, "others": {"Abono de permanência": 0, "Abono constitucional de 1/3 de férias": 0.0, "Indenização de férias": 0.0, "Antecipação de férias": 0, "Gratificação natalina": 0.0, "Antecipação de gratificação natalina": 0.0, "Substituição": 0, "Gratificação por exercício cumulativo": 0, "Gratificação por encargo Curso/Concurso": 0.0, "Pagamentos retroativos": 0.0, "JETON": 0.0}}}, "discounts": {"total": 382.26, "prev_contribution": 0.0, "ceil_retention": 0.0, "income_tax": 382.26, "others_total": 0.0, "others": {"Descontos Diversos": 0.0}}}, "DAYSE STARLING MOTTA": {"name": "DAYSE STARLING MOTTA", "type": "membro", "active": true, "income": {"total": 46428.65, "wage": 37328.65, "perks": {"total": 0.0, "food": 0.0, "pre_school": 0, "health": 0.0, "birth_aid": 0.0, "housing_aid": 0.0, "subsistence": 0.0}, "other": {"total": 4550.0, "daily": 4550.0, "others_total": 0.0, "others": {"Abono de permanência": 0, "Abono constitucional de 1/3 de férias": 0.0, "Indenização de férias": 0.0, "Antecipação de férias": 0, "Gratificação natalina": 0.0, "Antecipação de gratificação natalina": 0.0, "Substituição": 0, "Gratificação por exercício cumulativo": 0, "Gratificação por encargo Curso/Concurso": 0.0, "Pagamentos retroativos": 0.0, "JETON": 0.0}}}, "discounts": {"total": 191.13, "prev_contribution": 0.0, "ceil_retention": 0.0, "income_tax": 191.13, "others_total": 0.0, "others": {"Descontos Diversos": 0.0}}}, "DÉBORA HERINGER MEGIORIN": {"name": "DÉBORA HERINGER MEGIORIN", "type": "membro", "active": true, "income": {"total": 36825.97, "wage": 36825.97, "perks": {"total": 0.0, "food": 0.0, "pre_school": 0, "health": 0.0, "birth_aid": 0.0, "housing_aid": 0.0, "subsistence": 0.0}, "other": {"total": 0.0, "daily": 0.0, "others_total": 0.0, "others": {"Abono de permanência": 0, "Abono constitucional de 1/3 de férias": 0.0, "Indenização de férias": 0.0, "Antecipação de férias": 0, "Gratificação natalina": 0.0, "Antecipação de gratificação natalina": 0.0, "Substituição": 0, "Gratificação por exercício cumulativo": 0, "Gratificação por encargo Curso/Concurso": 0.0, "Pagamentos retroativos": 0.0, "JETON": 0.0}}}, "discounts": {"total": 0.0, "prev_contribution": 0.0, "ceil_retention": 0.0, "income_tax": 0.0, "others_total": 0.0, "others": {"Descontos Diversos": 0.0}}}, "DOROTHEO BARBOSA NETO": {"name": "DOROTHEO BARBOSA NETO", "type": "membro", "active": true, "income": {"total": 53428.65, "wage": 37328.65, "perks": {"total": 0.0, "food": 0.0, "pre_school": 0, "health": 0.0, "birth_aid": 0.0, "housing_aid": 0.0, "subsistence": 0.0}, "other": {"total": 8050.0, "daily": 8050.0, "others_total": 0.0, "others": {"Abono de permanência": 0, "Abono constitucional de 1/3 de férias": 0.0, "Indenização de férias": 0.0, "Antecipação de férias": 0, "Gratificação natalina": 0.0, "Antecipação de gratificação natalina": 0.0, "Substituição": 0, "Gratificação por exercício cumulativo": 0, "Gratificação por encargo Curso/Concurso": 0.0, "Pagamentos retroativos": 0.0, "JETON": 0.0}}}, "discounts": {"total": 191.13, "prev_contribution": 0.0, "ceil_retention": 0.0, "income_tax": 191.13, "others_total": 0.0, "others": {"Descontos Diversos": 0.0}}}, "EMMANOEL PEREIRA": {"name": "EMMANOEL PEREIRA", "type": "membro", "active": true, "income": {"total": 37328.65, "wage": 37328.65, "perks": {"total": 0.0, "food": 0.0, "pre_school": 0, "health": 0.0, "birth_aid": 0.0, "housing_aid": 0.0, "subsistence": 0.0}, "other": {"total": 0.0, "daily": 0.0, "others_total": 0.0, "others": {"Abono de permanência": 0, "Abono constitucional de 1/3 de férias": 0.0, "Indenização de férias": 0.0, "Antecipação de férias": 0, "Gratificação natalina": 0.0, "Antecipação de gratificação natalina": 0.0, "Substituição": 0, "Gratificação por exercício cumulativo": 0, "Gratificação por encargo Curso/Concurso": 0.0, "Pagamentos retroativos": 0.0, "JETON": 0.0}}}, "discounts": {"total": 0.0, "prev_contribution": 0.0, "ceil_retention": 0.0, "income_tax": 0.0, "others_total": 0.0, "others": {"Descontos Diversos": 0.0}}}, "EVALDO DE OLIVEIRA FERNANDES, FILHO": {"name": "EVALDO DE OLIVEIRA FERNANDES, FILHO", "type": "membro", "active": true, "income": {"total": 40968.19, "wage": 40968.19, "perks": {"total": 0.0, "food": 0.0, "pre_school": 0, "health": 0.0, "birth_aid": 0.0, "housing_aid": 0.0, "subsistence": 0.0}, "other": {"total": 0.0, "daily": 0.0, "others_total": 0.0, "others": {"Abono de permanência": 0, "Abono constitucional de 1/3 de férias": 0.0, "Indenização de férias": 0.0, "Antecipação de férias": 0, "Gratificação natalina": 0.0, "Antecipação de gratificação natalina": 0.0, "Substituição": 0, "Gratificação por exercício cumulativo": 0, "Gratificação por encargo Curso/Concurso": 0.0, "Pagamentos retroativos": 0.0, "JETON": 0.0}}}, "discounts": {"total": 382.26, "prev_contribution": 0.0, "ceil_retention": 0.0, "income_tax": 382.26, "others_total": 0.0, "others": {"Descontos Diversos": 0.0}}}, "FABIO RIBEIRO PORTO": {"name": "FABIO RIBEIRO PORTO", "type": "membro", "active": true, "income": {"total": 68234.93, "wage": 59134.93, "perks": {"total": 0.0, "food": 0.0, "pre_school": 0, "health": 0.0, "birth_aid": 0.0, "housing_aid": 0.0, "subsistence": 0.0}, "other": {"total": 4550.0, "daily": 4550.0, "others_total": 0.0, "others": {"Abono de permanência": 0, "Abono constitucional de 1/3 de férias": 0.0, "Indenização de férias": 0.0, "Antecipação de férias": 0, "Gratificação natalina": 0.0, "Antecipação de gratificação natalina": 0.0, "Substituição": 0, "Gratificação por exercício cumulativo": 0, "Gratificação por encargo Curso/Concurso": 0.0, "Pagamentos retroativos": 0.0, "JETON": 0.0}}}, "discounts": {"total": 0.0, "prev_contribution": 0.0, "ceil_retention": 0.0, "income_tax": 0.0, "others_total": 0.0, "others": {"Descontos Diversos": 0.0}}}, "FERNANDO PESSÔA DA SILVEIRA MELLO": {"name": "FERNANDO PESSÔA DA SILVEIRA MELLO", "type": "membro", "active": true, "income": {"total": 46428.65, "wage": 37328.65, "perks": {"total": 0.0, "food": 0.0, "pre_school": 0, "health": 0.0, "birth_aid": 0.0, "housing_aid": 0.0, "subsistence": 0.0}, "other": {"total": 4550.0, "daily": 4550.0, "others_total": 0.0, "others": {"Abono de permanência": 0, "Abono constitucional de 1/3 de férias": 0.0, "Indenização de férias": 0.0, "Antecipação de férias": 0, "Gratificação natalina": 0.0, "Antecipação de gratificação natalina": 0.0, "Substituição": 0, "Gratificação por exercício cumulativo": 0, "Gratificação por encargo Curso/Concurso": 0.0, "Pagamentos retroativos": 0.0, "JETON": 0.0}}}, "discounts": {"total": 771.99, "prev_contribution": 0.0, "ceil_retention": 0.0, "income_tax": 771.99, "others_total": 0.0, "others": {"Descontos Diversos": 0.0}}}, "FLAVIA MOREIRA GUIMARAES PESSOA": {"name": "FLAVIA MOREIRA GUIMARAES PESSOA", "type": "membro", "active": true, "income": {"total": 41487.5, "wage": 37328.65, "perks": {"total": 4158.85, "food": 0.0, "pre_school": 0, "health": 0.0, "birth_aid": 0.0, "housing_aid": 4158.85, "subsistence": 0.0}, "other": {"total": 0.0, "daily": 0.0, "others_total": 0.0, "others": {"Abono de permanência": 0, "Abono constitucional de 1/3 de férias": 0.0, "Indenização de férias": 0.0, "Antecipação de férias": 0, "Gratificação natalina": 0.0, "Antecipação de gratificação natalina": 0.0, "Substituição": 0, "Gratificação por exercício cumulativo": 0, "Gratificação por encargo Curso/Concurso": 0.0, "Pagamentos retroativos": 0.0, "JETON": 0.0}}}, "discounts": {"total": 135.86, "prev_contribution": 0.0, "ceil_retention": 0.0, "income_tax": 135.86, "others_total": 0.0, "others": {"Descontos Diversos": 0.0}}}, "GABRIEL DA SILVEIRA MATOS": {"name": "GABRIEL DA SILVEIRA MATOS", "type": "membro", "active": true, "income": {"total": 48173.72, "wage": 36973.72, "perks": {"total": 0.0, "food": 0.0, "pre_school": 0, "health": 0.0, "birth_aid": 0.0, "housing_aid": 0.0, "subsistence": 0.0}, "other": {"total": 5600.0, "daily": 5600.0, "others_total": 0.0, "others": {"Abono de permanência": 0, "Abono constitucional de 1/3 de férias": 0.0, "Indenização de férias": 0.0, "Antecipação de férias": 0, "Gratificação natalina": 0.0, "Antecipação de gratificação natalina": 0.0, "Substituição": 0, "Gratificação por exercício cumulativo": 0, "Gratificação por encargo Curso/Concurso": 0.0, "Pagamentos retroativos": 0.0, "JETON": 0.0}}}, "discounts": {"total": 497.13, "prev_contribution": 0.0, "ceil_retention": 0.0, "income_tax": 497.13, "others_total": 0.0, "others": {"Descontos Diversos": 0.0}}}, "GUSTAVO PONTES MAZZOCCHI": {"name": "GUSTAVO PONTES MAZZOCCHI", "type": "membro", "active": true, "income": {"total": 90715.23, "wage": 42672.87, "perks": {"total": 34042.36, "food": 0.0, "pre_school": 0, "health": 0.0, "birth_aid": 0.0, "housing_aid": 0.0, "subsistence": 34042.36}, "other": {"total": 7000.0, "daily": 7000.0, "others_total": 0.0, "others": {"Abono de permanência": 0, "Abono constitucional de 1/3 de férias": 0.0, "Indenização de férias": 0.0, "Antecipação de férias": 0, "Gratificação natalina": 0.0, "Antecipação de gratificação natalina": 0.0, "Substituição": 0, "Gratificação por exercício cumulativo": 0, "Gratificação por encargo Curso/Concurso": 0.0, "Pagamentos retroativos": 0.0, "JETON": 0.0}}}, "discounts": {"total": 0.0, "prev_contribution": 0.0, "ceil_retention": 0.0, "income_tax": 0.0, "others_total": 0.0, "others": {"Descontos Diversos": 0.0}}}, "HENRIQUE DE ALMEIDA AVILA": {"name": "HENRIQUE DE ALMEIDA AVILA", "type": "membro", "active": true, "income": {"total": 43333.46, "wage": 37328.65, "perks": {"total": 2504.81, "food": 910.08, "pre_school": 0, "health": 1594.73, "birth_aid": 0.0, "housing_aid": 0.0, "subsistence": 0.0}, "other": {"total": 1750.0, "daily": 1750.0, "others_total": 0.0, "others": {"Abono de permanência": 0, "Abono constitucional de 1/3 de férias": 0.0, "Indenização de férias": 0.0, "Antecipação de férias": 0, "Gratificação natalina": 0.0, "Antecipação de gratificação natalina": 0.0, "Substituição": 0, "Gratificação por exercício cumulativo": 0, "Gratificação por encargo Curso/Concurso": 0.0, "Pagamentos retroativos": 0.0, "JETON": 0.0}}}, "discounts": {"total": 9913.02, "prev_contribution": 713.1, "ceil_retention": 0.0, "income_tax": 9199.92, "others_total": 0.0, "others": {"Descontos Diversos": 0.0}}}, "IVANA FARINA NAVARRETE PENA": {"name": "IVANA FARINA NAVARRETE PENA", "type": "membro", "active": true, "income": {"total": 66865.91, "wage": 55883.1, "perks": {"total": 1882.81, "food": 910.08, "pre_school": 0, "health": 972.73, "birth_aid": 0.0, "housing_aid": 0.0, "subsistence": 0.0}, "other": {"total": 4550.0, "daily": 4550.0, "others_total": 0.0, "others": {"Abono de permanência": 0, "Abono constitucional de 1/3 de férias": 0.0, "Indenização de férias": 0.0, "Antecipação de férias": 0, "Gratificação natalina": 0.0, "Antecipação de gratificação natalina": 0.0, "Substituição": 0, "Gratificação por exercício cumulativo": 0, "Gratificação por encargo Curso/Concurso": 0.0, "Pagamentos retroativos": 0.0, "JETON": 0.0}}}, "discounts": {"total": 0.0, "prev_contribution": 0.0, "ceil_retention": 0.0, "income_tax": 0.0, "others_total": 0.0, "others": {"Descontos Diversos": 0.0}}}, "JOÃO MOREIRA PESSOA DE AZAMBUJA": {"name": "JOÃO MOREIRA PESSOA DE AZAMBUJA", "type": "membro", "active": true, "income": {"total": 46882.73, "wage": 37328.65, "perks": {"total": 454.08, "food": 0.0, "pre_school": 0, "health": 454.08, "birth_aid": 0.0, "housing_aid": 0.0, "subsistence": 0.0}, "other": {"total": 4550.0, "daily": 4550.0, "others_total": 0.0, "others": {"Abono de permanência": 0, "Abono constitucional de 1/3 de férias": 0.0, "Indenização de férias": 0.0, "Antecipação de férias": 0, "Gratificação natalina": 0.0, "Antecipação de gratificação natalina": 0.0, "Substituição": 0, "Gratificação por exercício cumulativo": 0, "Gratificação por encargo Curso/Concurso": 0.0, "Pagamentos retroativos": 0.0, "JETON": 0.0}}}, "discounts": {"total": 594.74, "prev_contribution": 0.0, "ceil_retention": 0.0, "income_tax": 594.74, "others_total": 0.0, "others": {"Descontos Diversos": 0.0}}}, "LÍVIA CRISTINA MARQUES PERES": {"name": "LÍVIA CRISTINA MARQUES PERES", "type": "membro", "active": true, "income": {"total": 46428.65, "wage": 37328.65, "perks": {"total": 0.0, "food": 0.0, "pre_school": 0, "health": 0.0, "birth_aid": 0.0, "housing_aid": 0.0, "subsistence": 0.0}, "other": {"total": 4550.0, "daily": 4550.0, "others_total": 0.0, "others": {"Abono de permanência": 0, "Abono constitucional de 1/3 de férias": 0.0, "Indenização de férias": 0.0, "Antecipação de férias": 0, "Gratificação natalina": 0.0, "Antecipação de gratificação natalina": 0.0, "Substituição": 0, "Gratificação por exercício cumulativo": 0, "Gratificação por encargo Curso/Concurso": 0.0, "Pagamentos retroativos": 0.0, "JETON": 0.0}}}, "discounts": {"total": 191.13, "prev_contribution": 0.0, "ceil_retention": 0.0, "income_tax": 191.13, "others_total": 0.0, "others": {"Descontos Diversos": 0.0}}}, "LUÍS GERALDO SANT'ANA LANFREDI": {"name": "LUÍS GERALDO SANT'ANA LANFREDI", "type": "membro", "active": true, "income": {"total": 53262.37, "wage": 37328.65, "perks": {"total": 3333.72, "food": 0.0, "pre_school": 0, "health": 3333.72, "birth_aid": 0.0, "housing_aid": 0.0, "subsistence": 0.0}, "other": {"total": 6300.0, "daily": 6300.0, "others_total": 0.0, "others": {"Abono de permanência": 0, "Abono constitucional de 1/3 de férias": 0.0, "Indenização de férias": 0.0, "Antecipação de férias": 0, "Gratificação natalina": 0.0, "Antecipação de gratificação natalina": 0.0, "Substituição": 0, "Gratificação por exercício cumulativo": 0, "Gratificação por encargo Curso/Concurso": 0.0, "Pagamentos retroativos": 0.0, "JETON": 0.0}}}, "discounts": {"total": 191.13, "prev_contribution": 0.0, "ceil_retention": 0.0, "income_tax": 191.13, "others_total": 0.0, "others": {"Descontos Diversos": 0.0}}}, "LUIZ AUGUSTO BARRICHELLO NETO": {"name": "LUIZ AUGUSTO BARRICHELLO NETO", "type": "membro", "active": true, "income": {"total": 54927.19, "wage": 40968.19, "perks": {"total": 2759.0, "food": 0.0, "pre_school": 0, "health": 2759.0, "birth_aid": 0.0, "housing_aid": 0.0, "subsistence": 0.0}, "other": {"total": 5600.0, "daily": 5600.0, "others_total": 0.0, "others": {"Abono de permanência": 0, "Abono constitucional de 1/3 de férias": 0.0, "Indenização de férias": 0.0, "Antecipação de férias": 0, "Gratificação natalina": 0.0, "Antecipação de gratificação natalina": 0.0, "Substituição": 0, "Gratificação por exercício cumulativo": 0, "Gratificação por encargo Curso/Concurso": 0.0, "Pagamentos retroativos": 0.0, "JETON": 0.0}}}, "discounts": {"total": 382.26, "prev_contribution": 0.0, "ceil_retention": 0.0, "income_tax": 382.26, "others_total": 0.0, "others": {"Descontos Diversos": 0.0}}}, "LUIZ FERNANDO TOMASI KEPPEN": {"name": "LUIZ FERNANDO TOMASI KEPPEN", "type": "membro", "active": true, "income": {"total": 51963.06, "wage": 39363.06, "perks": {"total": 0.0, "food": 0.0, "pre_school": 0, "health": 0.0, "birth_aid": 0.0, "housing_aid": 0.0, "subsistence": 0.0}, "other": {"total": 6300.0, "daily": 6300.0, "others_total": 0.0, "others": {"Abono de permanência": 0, "Abono constitucional de 1/3 de férias": 0.0, "Indenização de férias": 0.0, "Antecipação de férias": 0, "Gratificação natalina": 0.0, "Antecipação de gratificação natalina": 0.0, "Substituição": 0, "Gratificação por exercício cumulativo": 0, "Gratificação por encargo Curso/Concurso": 0.0, "Pagamentos retroativos": 0.0, "JETON": 0.0}}}, "discounts": {"total": 0.0, "prev_contribution": 0.0, "ceil_retention": 0.0, "income_tax": 0.0, "others_total": 0.0, "others": {"Descontos Diversos": 0.0}}}, "LUIZ FUX": {"name": "LUIZ FUX", "type": "membro", "active": true, "income": {"total": 39200.0, "wage": 39200.0, "perks": {"total": 0.0, "food": 0.0, "pre_school": 0, "health": 0.0, "birth_aid": 0.0, "housing_aid": 0.0, "subsistence": 0.0}, "other": {"total": 0.0, "daily": 0.0, "others_total": 0.0, "others": {"Abono de permanência": 0, "Abono constitucional de 1/3 de férias": 0.0, "Indenização de férias": 0.0, "Antecipação de férias": 0, "Gratificação natalina": 0.0, "Antecipação de gratificação natalina": 0.0, "Substituição": 0, "Gratificação por exercício cumulativo": 0, "Gratificação por encargo Curso/Concurso": 0.0, "Pagamentos retroativos": 0.0, "JETON": 0.0}}}, "discounts": {"total": 0.0, "prev_contribution": 0.0, "ceil_retention": 0.0, "income_tax": 0.0, "others_total": 0.0, "others": {"Descontos Diversos": 0.0}}}, "MARCELO MARTINS BERTHE": {"name": "MARCELO MARTINS BERTHE", "type": "membro", "active": true, "income": {"total": 49779.31, "wage": 37328.65, "perks": {"total": 3350.66, "food": 0.0, "pre_school": 0, "health": 3350.66, "birth_aid": 0.0, "housing_aid": 0.0, "subsistence": 0.0}, "other": {"total": 4550.0, "daily": 4550.0, "others_total": 0.0, "others": {"Abono de permanência": 0, "Abono constitucional de 1/3 de férias": 0.0, "Indenização de férias": 0.0, "Antecipação de férias": 0, "Gratificação natalina": 0.0, "Antecipação de gratificação natalina": 0.0, "Substituição": 0, "Gratificação por exercício cumulativo": 0, "Gratificação por encargo Curso/Concurso": 0.0, "Pagamentos retroativos": 0.0, "JETON": 0.0}}}, "discounts": {"total": 0.0, "prev_contribution": 0.0, "ceil_retention": 0.0, "income_tax": 0.0, "others_total": 0.0, "others": {"Descontos Diversos": 0.0}}}, "MARCOS VINÍCIUS JARDIM RODRIGUES": {"name": "MARCOS VINÍCIUS JARDIM RODRIGUES", "type": "membro", "active": true, "income": {"total": 48641.76, "wage": 37328.65, "perks": {"total": 2213.11, "food": 910.08, "pre_school": 0, "health": 1303.03, "birth_aid": 0.0, "housing_aid": 0.0, "subsistence": 0.0}, "other": {"total": 4550.0, "daily": 4550.0, "others_total": 0.0, "others": {"Abono de permanência": 0, "Abono constitucional de 1/3 de férias": 0.0, "Indenização de férias": 0.0, "Antecipação de férias": 0, "Gratificação natalina": 0.0, "Antecipação de gratificação natalina": 0.0, "Substituição": 0, "Gratificação por exercício cumulativo": 0, "Gratificação por encargo Curso/Concurso": 0.0, "Pagamentos retroativos": 0.0, "JETON": 0.0}}}, "discounts": {"total": 9913.02, "prev_contribution": 713.1, "ceil_retention": 0.0, "income_tax": 9199.92, "others_total": 0.0, "others": {"Descontos Diversos": 0.0}}}, "MARCUS LIVIO GOMES": {"name": "MARCUS LIVIO GOMES", "type": "membro", "active": true, "income": {"total": 66975.58, "wage": 45509.84, "perks": {"total": 3265.74, "food": 0.0, "pre_school": 0, "health": 3265.74, "birth_aid": 0.0, "housing_aid": 0.0, "subsistence": 0.0}, "other": {"total": 9100.0, "daily": 9100.0, "others_total": 0.0, "others": {"Abono de permanência": 0, "Abono constitucional de 1/3 de férias": 0.0, "Indenização de férias": 0.0, "Antecipação de férias": 0, "Gratificação natalina": 0.0, "Antecipação de gratificação natalina": 0.0, "Substituição": 0, "Gratificação por exercício cumulativo": 0, "Gratificação por encargo Curso/Concurso": 0.0, "Pagamentos retroativos": 0.0, "JETON": 0.0}}}, "discounts": {"total": 0.0, "prev_contribution": 0.0, "ceil_retention": 0.0, "income_tax": 0.0, "others_total": 0.0, "others": {"Descontos Diversos": 0.0}}}, "MARIA PAULA CASSONE ROSSI": {"name": "MARIA PAULA CASSONE ROSSI", "type": "membro", "active": true, "income": {"total": 47520.52, "wage": 37328.65, "perks": {"total": 0.0, "food": 0.0, "pre_school": 0, "health": 0.0, "birth_aid": 0.0, "housing_aid": 0.0, "subsistence": 0.0}, "other": {"total": 5641.87, "daily": 4550.0, "others_total": 1091.87, "others": {"Abono de permanência": 0, "Abono constitucional de 1/3 de férias": 0.0, "Indenização de férias": 0.0, "Antecipação de férias": 0, "Gratificação natalina": 0.0, "Antecipação de gratificação natalina": 0.0, "Substituição": 0, "Gratificação por exercício cumulativo": 0, "Gratificação por encargo Curso/Concurso": 0.0, "Pagamentos retroativos": 1091.87, "JETON": 0.0}}}, "discounts": {"total": 431.78, "prev_contribution": 0.0, "ceil_retention": 0.0, "income_tax": 431.78, "others_total": 0.0, "others": {"Descontos Diversos": 0.0}}}, "MARIA TEREZA UILLE GOMES": {"name": "MARIA TEREZA UILLE GOMES", "type": "membro", "active": true, "income": {"total": 38238.73, "wage": 37328.65, "perks": {"total": 910.08, "food": 910.08, "pre_school": 0, "health": 0.0, "birth_aid": 0.0, "housing_aid": 0.0, "subsistence": 0.0}, "other": {"total": 0.0, "daily": 0.0, "others_total": 0.0, "others": {"Abono de permanência": 0, "Abono constitucional de 1/3 de férias": 0.0, "Indenização de férias": 0.0, "Antecipação de férias": 0, "Gratificação natalina": 0.0, "Antecipação de gratificação natalina": 0.0, "Substituição": 0, "Gratificação por exercício cumulativo": 0, "Gratificação por encargo Curso/Concurso": 0.0, "Pagamentos retroativos": 0.0, "JETON": 0.0}}}, "discounts": {"total": 128.66, "prev_contribution": 128.66, "ceil_retention": 0.0, "income_tax": 0.0, "others_total": 0.0, "others": {"Descontos Diversos": 0.0}}}, "MARIA THEREZA ROCHA DE ASSIS MOURA": {"name": "MARIA THEREZA ROCHA DE ASSIS MOURA", "type": "membro", "active": true, "income": {"total": 37328.65, "wage": 37328.65, "perks": {"total": 0.0, "food": 0.0, "pre_school": 0, "health": 0.0, "birth_aid": 0.0, "housing_aid": 0.0, "subsistence": 0.0}, "other": {"total": 0.0, "daily": 0.0, "others_total": 0.0, "others": {"Abono de permanência": 0, "Abono constitucional de 1/3 de férias": 0.0, "Indenização de férias": 0.0, "Antecipação de férias": 0, "Gratificação natalina": 0.0, "Antecipação de gratificação natalina": 0.0, "Substituição": 0, "Gratificação por exercício cumulativo": 0, "Gratificação por encargo Curso/Concurso": 0.0, "Pagamentos retroativos": 0.0, "JETON": 0.0}}}, "discounts": {"total": 0.0, "prev_contribution": 0.0, "ceil_retention": 0.0, "income_tax": 0.0, "others_total": 0.0, "others": {"Descontos Diversos": 0.0}}}, "MÁRIO AUGUSTO FIGUEIREDO DE LACERDA GUERREIRO": {"name": "MÁRIO AUGUSTO FIGUEIREDO DE LACERDA GUERREIRO", "type": "membro", "active": true, "income": {"total": 41528.65, "wage": 37328.65, "perks": {"total": 0.0, "food": 0.0, "pre_school": 0, "health": 0.0, "birth_aid": 0.0, "housing_aid": 0.0, "subsistence": 0.0}, "other": {"total": 2100.0, "daily": 2100.0, "others_total": 0.0, "others": {"Abono de permanência": 0, "Abono constitucional de 1/3 de férias": 0.0, "Indenização de férias": 0.0, "Antecipação de férias": 0, "Gratificação natalina": 0.0, "Antecipação de gratificação natalina": 0.0, "Substituição": 0, "Gratificação por exercício cumulativo": 0, "Gratificação por encargo Curso/Concurso": 0.0, "Pagamentos retroativos": 0.0, "JETON": 0.0}}}, "discounts": {"total": 619.12, "prev_contribution": 0.0, "ceil_retention": 0.0, "income_tax": 619.12, "others_total": 0.0, "others": {"Descontos Diversos": 0.0}}}, "OSAIR VICTOR DE OLIVEIRA JUNIOR": {"name": "OSAIR VICTOR DE OLIVEIRA JUNIOR", "type": "membro", "active": true, "income": {"total": 50068.19, "wage": 37328.65, "perks": {"total": 0.0, "food": 0.0, "pre_school": 0, "health": 0.0, "birth_aid": 0.0, "housing_aid": 0.0, "subsistence": 0.0}, "other": {"total": 8189.54, "daily": 4550.0, "others_total": 3639.54, "others": {"Abono de permanência": 0, "Abono constitucional de 1/3 de férias": 0.0, "Indenização de férias": 0.0, "Antecipação de férias": 0, "Gratificação natalina": 0.0, "Antecipação de gratificação natalina": 0.0, "Substituição": 0, "Gratificação por exercício cumulativo": 0, "Gratificação por encargo Curso/Concurso": 0.0, "Pagamentos retroativos": 3639.54, "JETON": 0.0}}}, "discounts": {"total": 1045.03, "prev_contribution": 0.0, "ceil_retention": 565.38, "income_tax": 479.65, "others_total": 0.0, "others": {"Descontos Diversos": 0.0}}}, "RAFAEL LEITE PAULO": {"name": "RAFAEL LEITE PAULO", "type": "membro", "active": true, "income": {"total": 46428.65, "wage": 37328.65, "perks": {"total": 0.0, "food": 0.0, "pre_school": 0, "health": 0.0, "birth_aid": 0.0, "housing_aid": 0.0, "subsistence": 0.0}, "other": {"total": 4550.0, "daily": 4550.0, "others_total": 0.0, "others": {"Abono de permanência": 0, "Abono constitucional de 1/3 de férias": 0.0, "Indenização de férias": 0.0, "Antecipação de férias": 0, "Gratificação natalina": 0.0, "Antecipação de gratificação natalina": 0.0, "Substituição": 0, "Gratificação por exercício cumulativo": 0, "Gratificação por encargo Curso/Concurso": 0.0, "Pagamentos retroativos": 0.0, "JETON": 0.0}}}, "discounts": {"total": 191.13, "prev_contribution": 0.0, "ceil_retention": 0.0, "income_tax": 191.13, "others_total": 0.0, "others": {"Descontos Diversos": 0.0}}}, "RODRIGO CAPEZ": {"name": "RODRIGO CAPEZ", "type": "membro", "active": true, "income": {"total": 44328.65, "wage": 37328.65, "perks": {"total": 0.0, "food": 0.0, "pre_school": 0, "health": 0.0, "birth_aid": 0.0, "housing_aid": 0.0, "subsistence": 0.0}, "other": {"total": 3500.0, "daily": 3500.0, "others_total": 0.0, "others": {"Abono de permanência": 0, "Abono constitucional de 1/3 de férias": 0.0, "Indenização de férias": 0.0, "Antecipação de férias": 0, "Gratificação natalina": 0.0, "Antecipação de gratificação natalina": 0.0, "Substituição": 0, "Gratificação por exercício cumulativo": 0, "Gratificação por encargo Curso/Concurso": 0.0, "Pagamentos retroativos": 0.0, "JETON": 0.0}}}, "discounts": {"total": 191.13, "prev_contribution": 0.0, "ceil_retention": 0.0, "income_tax": 191.13, "others_total": 0.0, "others": {"Descontos Diversos": 0.0}}}, "RUBENS DE MENDONÇA CANUTO NETO": {"name": "RUBENS DE MENDONÇA CANUTO NETO", "type": "membro", "active": true, "income": {"total": 39076.8, "wage": 37328.65, "perks": {"total": 1748.15, "food": 0.0, "pre_school": 0, "health": 1748.15, "birth_aid": 0.0, "housing_aid": 0.0, "subsistence": 0.0}, "other": {"total": 0.0, "daily": 0.0, "others_total": 0.0, "others": {"Abono de permanência": 0, "Abono constitucional de 1/3 de férias": 0.0, "Indenização de férias": 0.0, "Antecipação de férias": 0, "Gratificação natalina": 0.0, "Antecipação de gratificação natalina": 0.0, "Substituição": 0, "Gratificação por exercício cumulativo": 0, "Gratificação por encargo Curso/Concurso": 0.0, "Pagamentos retroativos": 0.0, "JETON": 0.0}}}, "discounts": {"total": 0.0, "prev_contribution": 0.0, "ceil_retention": 0.0, "income_tax": 0.0, "others_total": 0.0, "others": {"Descontos Diversos": 0.0}}}, "TANIA REGINA SILVA RECKZIEGEL": {"name": "TANIA REGINA SILVA RECKZIEGEL", "type": "membro", "active": true, "income": {"total": 59028.65, "wage": 37328.65, "perks": {"total": 0.0, "food": 0.0, "pre_school": 0, "health": 0.0, "birth_aid": 0.0, "housing_aid": 0.0, "subsistence": 0.0}, "other": {"total": 10850.0, "daily": 10850.0, "others_total": 0.0, "others": {"Abono de permanência": 0, "Abono constitucional de 1/3 de férias": 0.0, "Indenização de férias": 0.0, "Antecipação de férias": 0, "Gratificação natalina": 0.0, "Antecipação de gratificação natalina": 0.0, "Substituição": 0, "Gratificação por exercício cumulativo": 0, "Gratificação por encargo Curso/Concurso": 0.0, "Pagamentos retroativos": 0.0, "JETON": 0.0}}}, "discounts": {"total": 0.0, "prev_contribution": 0.0, "ceil_retention": 0.0, "income_tax": 0.0, "others_total": 0.0, "others": {"Descontos Diversos": 0.0}}}, "TRÍCIA NAVARRO XAVIER CABRAL": {"name": "TRÍCIA NAVARRO XAVIER CABRAL", "type": "membro", "active": true, "income": {"total": 80607.22, "wage": 37328.65, "perks": {"total": 34178.57, "food": 0.0, "pre_school": 0, "health": 0.0, "birth_aid": 0.0, "housing_aid": 0.0, "subsistence": 34178.57}, "other": {"total": 4550.0, "daily": 4550.0, "others_total": 0.0, "others": {"Abono de permanência": 0, "Abono constitucional de 1/3 de férias": 0.0, "Indenização de férias": 0.0, "Antecipação de férias": 0, "Gratificação natalina": 0.0, "Antecipação de gratificação natalina": 0.0, "Substituição": 0, "Gratificação por exercício cumulativo": 0, "Gratificação por encargo Curso/Concurso": 0.0, "Pagamentos retroativos": 0.0, "JETON": 0.0}}}, "discounts": {"total": 191.13, "prev_contribution": 0.0, "ceil_retention": 0.0, "income_tax": 191.13, "others_total": 0.0, "others": {"Descontos Diversos": 0.0}}}, "VALTER SHUENQUENER DE ARAÚJO": {"name": "VALTER SHUENQUENER DE ARAÚJO", "type": "membro", "active": true, "income": {"total": 55528.65, "wage": 37328.65, "perks": {"total": 0.0, "food": 0.0, "pre_school": 0, "health": 0.0, "birth_aid": 0.0, "housing_aid": 0.0, "subsistence": 0.0}, "other": {"total": 9100.0, "daily": 9100.0, "others_total": 0.0, "others": {"Abono de permanência": 0, "Abono constitucional de 1/3 de férias": 0.0, "Indenização de férias": 0.0, "Antecipação de férias": 0, "Gratificação natalina": 0.0, "Antecipação de gratificação natalina": 0.0, "Substituição": 0, "Gratificação por exercício cumulativo": 0, "Gratificação por encargo Curso/Concurso": 0.0, "Pagamentos retroativos": 0.0, "JETON": 0.0}}}, "discounts": {"total": 191.13, "prev_contribution": 0.0, "ceil_retention": 0.0, "income_tax": 191.13, "others_total": 0.0, "others": {"Descontos Diversos": 0.0}}}, "VICKY VIVIAN HACKBARTH KEMMELMEIER": {"name": "VICKY VIVIAN HACKBARTH KEMMELMEIER", "type": "membro", "active": true, "income": {"total": 37328.65, "wage": 37328.65, "perks": {"total": 0.0, "food": 0.0, "pre_school": 0, "health": 0.0, "birth_aid": 0.0, "housing_aid": 0.0, "subsistence": 0.0}, "other": {"total": 0.0, "daily": 0.0, "others_total": 0.0, "others": {"Abono de permanência": 0, "Abono constitucional de 1/3 de férias": 0.0, "Indenização de férias": 0.0, "Antecipação de férias": 0, "Gratificação natalina": 0.0, "Antecipação de gratificação natalina": 0.0, "Substituição": 0, "Gratificação por exercício cumulativo": 0, "Gratificação por encargo Curso/Concurso": 0.0, "Pagamentos retroativos": 0.0, "JETON": 0.0}}}, "discounts": {"total": 594.74, "prev_contribution": 0.0, "ceil_retention": 0.0, "income_tax": 594.74, "others_total": 0.0, "others": {"Descontos Diversos": 0.0}}}, "WALTER GODOY DOS SANTOS JUNIOR": {"name": "WALTER GODOY DOS SANTOS JUNIOR", "type": "membro", "active": true, "income": {"total": 51721.69, "wage": 37328.65, "perks": {"total": 1793.04, "food": 0.0, "pre_school": 0, "health": 1793.04, "birth_aid": 0.0, "housing_aid": 0.0, "subsistence": 0.0}, "other": {"total": 6300.0, "daily": 6300.0, "others_total": 0.0, "others": {"Abono de permanência": 0, "Abono constitucional de 1/3 de férias": 0.0, "Indenização de férias": 0.0, "Antecipação de férias": 0, "Gratificação natalina": 0.0, "Antecipação de gratificação natalina": 0.0, "Substituição": 0, "Gratificação por exercício cumulativo": 0, "Gratificação por encargo Curso/Concurso": 0.0, "Pagamentos retroativos": 0.0, "JETON": 0.0}}}, "discounts": {"total": 191.13, "prev_contribution": 0.0, "ceil_retention": 0.0, "income_tax": 191.13, "others_total": 0.0, "others": {"Descontos Diversos": 0.0}}}}, "timestamp": "2021-03-29T15:31:40-03:00"}}