{"cr": {"aid": "cnj", "month": 8, "year": 2019, "files": [], "crawler": {"id": "cnj", "version": "ec380c3dfeb6636a98177ec17c2de19628669364"}, "employees": {"ADRIANO DA SILVA ARAUJO": {"name": "ADRIANO DA SILVA ARAUJO", "type": "membro", "active": true, "income": {"total": 35376.54, "wage": 35376.54, "perks": {"total": 0.0, "food": 0.0, "pre_school": 0, "health": 0.0, "birth_aid": 0.0, "housing_aid": 0.0, "subsistence": 0.0}, "other": {"total": 0.0, "daily": 0.0, "others_total": 0.0, "others": {"Abono de permanência": 0, "Abono constitucional de 1/3 de férias": 0.0, "Indenização de férias": 0.0, "Antecipação de férias": 0, "Gratificação natalina": 0.0, "Antecipação de gratificação natalina": 0.0, "Substituição": 0, "Gratificação por exercício cumulativo": 0, "Gratificação por encargo Curso/Concurso": 0.0, "Pagamentos retroativos": 0.0, "JETON": 0.0}}}, "discounts": {"total": 150.97, "prev_contribution": 0.0, "ceil_retention": 0.0, "income_tax": 150.97, "others_total": 0.0, "others": {"Descontos Diversos": 0.0}}}, "ALEXANDRE CHINI NETO": {"name": "ALEXANDRE CHINI NETO", "type": "membro", "active": true, "income": {"total": 49928.65, "wage": 37328.65, "perks": {"total": 0.0, "food": 0.0, "pre_school": 0, "health": 0.0, "birth_aid": 0.0, "housing_aid": 0.0, "subsistence": 0.0}, "other": {"total": 6300.0, "daily": 6300.0, "others_total": 0.0, "others": {"Abono de permanência": 0, "Abono constitucional de 1/3 de férias": 0.0, "Indenização de férias": 0.0, "Antecipação de férias": 0, "Gratificação natalina": 0.0, "Antecipação de gratificação natalina": 0.0, "Substituição": 0, "Gratificação por exercício cumulativo": 0, "Gratificação por encargo Curso/Concurso": 0.0, "Pagamentos retroativos": 0.0, "JETON": 0.0}}}, "discounts": {"total": 191.13, "prev_contribution": 0.0, "ceil_retention": 0.0, "income_tax": 191.13, "others_total": 0.0, "others": {"Descontos Diversos": 0.0}}}, "ARNALDO HOSSEPIAN SALLES LIMA JUNIOR": {"name": "ARNALDO HOSSEPIAN SALLES LIMA JUNIOR", "type": "membro", "active": true, "income": {"total": 57537.57, "wage": 37937.57, "perks": {"total": 0.0, "food": 0.0, "pre_school": 0, "health": 0.0, "birth_aid": 0.0, "housing_aid": 0.0, "subsistence": 0.0}, "other": {"total": 9800.0, "daily": 9800.0, "others_total": 0.0, "others": {"Abono de permanência": 0, "Abono constitucional de 1/3 de férias": 0.0, "Indenização de férias": 0.0, "Antecipação de férias": 0, "Gratificação natalina": 0.0, "Antecipação de gratificação natalina": 0.0, "Substituição": 0, "Gratificação por exercício cumulativo": 0, "Gratificação por encargo Curso/Concurso": 0.0, "Pagamentos retroativos": 0.0, "JETON": 0.0}}}, "discounts": {"total": 0.0, "prev_contribution": 0.0, "ceil_retention": 0.0, "income_tax": 0.0, "others_total": 0.0, "others": {"Descontos Diversos": 0.0}}}, "BRÁULIO GABRIEL GUSMÃO": {"name": "BRÁULIO GABRIEL GUSMÃO", "type": "membro", "active": true, "income": {"total": 54128.65, "wage": 37328.65, "perks": {"total": 0.0, "food": 0.0, "pre_school": 0, "health": 0.0, "birth_aid": 0.0, "housing_aid": 0.0, "subsistence": 0.0}, "other": {"total": 8400.0, "daily": 8400.0, "others_total": 0.0, "others": {"Abono de permanência": 0, "Abono constitucional de 1/3 de férias": 0.0, "Indenização de férias": 0.0, "Antecipação de férias": 0, "Gratificação natalina": 0.0, "Antecipação de gratificação natalina": 0.0, "Substituição": 0, "Gratificação por exercício cumulativo": 0, "Gratificação por encargo Curso/Concurso": 0.0, "Pagamentos retroativos": 0.0, "JETON": 0.0}}}, "discounts": {"total": 191.13, "prev_contribution": 0.0, "ceil_retention": 0.0, "income_tax": 191.13, "others_total": 0.0, "others": {"Descontos Diversos": 0.0}}}, "CAMILA PLENTZ KONRATH": {"name": "CAMILA PLENTZ KONRATH", "type": "membro", "active": true, "income": {"total": 46428.65, "wage": 37328.65, "perks": {"total": 0.0, "food": 0.0, "pre_school": 0, "health": 0.0, "birth_aid": 0.0, "housing_aid": 0.0, "subsistence": 0.0}, "other": {"total": 4550.0, "daily": 4550.0, "others_total": 0.0, "others": {"Abono de permanência": 0, "Abono constitucional de 1/3 de férias": 0.0, "Indenização de férias": 0.0, "Antecipação de férias": 0, "Gratificação natalina": 0.0, "Antecipação de gratificação natalina": 0.0, "Substituição": 0, "Gratificação por exercício cumulativo": 0, "Gratificação por encargo Curso/Concurso": 0.0, "Pagamentos retroativos": 0.0, "JETON": 0.0}}}, "discounts": {"total": 191.13, "prev_contribution": 0.0, "ceil_retention": 0.0, "income_tax": 191.13, "others_total": 0.0, "others": {"Descontos Diversos": 0.0}}}, "CANDICE LAVOCAT GALVÃO JOBIM": {"name": "CANDICE LAVOCAT GALVÃO JOBIM", "type": "membro", "active": true, "income": {"total": 28947.55, "wage": 28947.55, "perks": {"total": 0.0, "food": 0.0, "pre_school": 0, "health": 0.0, "birth_aid": 0.0, "housing_aid": 0.0, "subsistence": 0.0}, "other": {"total": 0.0, "daily": 0.0, "others_total": 0.0, "others": {"Abono de permanência": 0, "Abono constitucional de 1/3 de férias": 0.0, "Indenização de férias": 0.0, "Antecipação de férias": 0, "Gratificação natalina": 0.0, "Antecipação de gratificação natalina": 0.0, "Substituição": 0, "Gratificação por exercício cumulativo": 0, "Gratificação por encargo Curso/Concurso": 0.0, "Pagamentos retroativos": 0.0, "JETON": 0.0}}}, "discounts": {"total": 0.0, "prev_contribution": 0.0, "ceil_retention": 0.0, "income_tax": 0.0, "others_total": 0.0, "others": {"Descontos Diversos": 0.0}}}, "CARL OLAV SMITH": {"name": "CARL OLAV SMITH", "type": "membro", "active": true, "income": {"total": 78327.66, "wage": 37551.8, "perks": {"total": 899.36, "food": 0.0, "pre_school": 0, "health": 899.36, "birth_aid": 0.0, "housing_aid": 0.0, "subsistence": 0.0}, "other": {"total": 19938.25, "daily": 19938.25, "others_total": 0.0, "others": {"Abono de permanência": 0, "Abono constitucional de 1/3 de férias": 0.0, "Indenização de férias": 0.0, "Antecipação de férias": 0, "Gratificação natalina": 0.0, "Antecipação de gratificação natalina": 0.0, "Substituição": 0, "Gratificação por exercício cumulativo": 0, "Gratificação por encargo Curso/Concurso": 0.0, "Pagamentos retroativos": 0.0, "JETON": 0.0}}}, "discounts": {"total": 1496.81, "prev_contribution": 0.0, "ceil_retention": 0.0, "income_tax": 1496.81, "others_total": 0.0, "others": {"Descontos Diversos": 0.0}}}, "CARLOS GUSTAVO VIANNA DIREITO": {"name": "CARLOS GUSTAVO VIANNA DIREITO", "type": "membro", "active": true, "income": {"total": 46428.65, "wage": 37328.65, "perks": {"total": 0.0, "food": 0.0, "pre_school": 0, "health": 0.0, "birth_aid": 0.0, "housing_aid": 0.0, "subsistence": 0.0}, "other": {"total": 4550.0, "daily": 4550.0, "others_total": 0.0, "others": {"Abono de permanência": 0, "Abono constitucional de 1/3 de férias": 0.0, "Indenização de férias": 0.0, "Antecipação de férias": 0, "Gratificação natalina": 0.0, "Antecipação de gratificação natalina": 0.0, "Substituição": 0, "Gratificação por exercício cumulativo": 0, "Gratificação por encargo Curso/Concurso": 0.0, "Pagamentos retroativos": 0.0, "JETON": 0.0}}}, "discounts": {"total": 191.13, "prev_contribution": 0.0, "ceil_retention": 0.0, "income_tax": 191.13, "others_total": 0.0, "others": {"Descontos Diversos": 0.0}}}, "CARLOS VIEIRA VON ADAMEK": {"name": "CARLOS VIEIRA VON ADAMEK", "type": "membro", "active": true, "income": {"total": 56928.65, "wage": 37328.65, "perks": {"total": 0.0, "food": 0.0, "pre_school": 0, "health": 0.0, "birth_aid": 0.0, "housing_aid": 0.0, "subsistence": 0.0}, "other": {"total": 9800.0, "daily": 9800.0, "others_total": 0.0, "others": {"Abono de permanência": 0, "Abono constitucional de 1/3 de férias": 0.0, "Indenização de férias": 0.0, "Antecipação de férias": 0, "Gratificação natalina": 0.0, "Antecipação de gratificação natalina": 0.0, "Substituição": 0, "Gratificação por exercício cumulativo": 0, "Gratificação por encargo Curso/Concurso": 0.0, "Pagamentos retroativos": 0.0, "JETON": 0.0}}}, "discounts": {"total": 0.0, "prev_contribution": 0.0, "ceil_retention": 0.0, "income_tax": 0.0, "others_total": 0.0, "others": {"Descontos Diversos": 0.0}}}, "DANIEL CARNIO COSTA": {"name": "DANIEL CARNIO COSTA", "type": "membro", "active": true, "income": {"total": 46428.65, "wage": 37328.65, "perks": {"total": 0.0, "food": 0.0, "pre_school": 0, "health": 0.0, "birth_aid": 0.0, "housing_aid": 0.0, "subsistence": 0.0}, "other": {"total": 4550.0, "daily": 4550.0, "others_total": 0.0, "others": {"Abono de permanência": 0, "Abono constitucional de 1/3 de férias": 0.0, "Indenização de férias": 0.0, "Antecipação de férias": 0, "Gratificação natalina": 0.0, "Antecipação de gratificação natalina": 0.0, "Substituição": 0, "Gratificação por exercício cumulativo": 0, "Gratificação por encargo Curso/Concurso": 0.0, "Pagamentos retroativos": 0.0, "JETON": 0.0}}}, "discounts": {"total": 191.13, "prev_contribution": 0.0, "ceil_retention": 0.0, "income_tax": 191.13, "others_total": 0.0, "others": {"Descontos Diversos": 0.0}}}, "DAYSE STARLING MOTTA": {"name": "DAYSE STARLING MOTTA", "type": "membro", "active": true, "income": {"total": 33689.11, "wage": 33689.11, "perks": {"total": 0.0, "food": 0.0, "pre_school": 0, "health": 0.0, "birth_aid": 0.0, "housing_aid": 0.0, "subsistence": 0.0}, "other": {"total": 0.0, "daily": 0.0, "others_total": 0.0, "others": {"Abono de permanência": 0, "Abono constitucional de 1/3 de férias": 0.0, "Indenização de férias": 0.0, "Antecipação de férias": 0, "Gratificação natalina": 0.0, "Antecipação de gratificação natalina": 0.0, "Substituição": 0, "Gratificação por exercício cumulativo": 0, "Gratificação por encargo Curso/Concurso": 0.0, "Pagamentos retroativos": 0.0, "JETON": 0.0}}}, "discounts": {"total": 0.0, "prev_contribution": 0.0, "ceil_retention": 0.0, "income_tax": 0.0, "others_total": 0.0, "others": {"Descontos Diversos": 0.0}}}, "DÉBORA HERINGER MEGIORIN": {"name": "DÉBORA HERINGER MEGIORIN", "type": "membro", "active": true, "income": {"total": 32004.65, "wage": 32004.65, "perks": {"total": 0.0, "food": 0.0, "pre_school": 0, "health": 0.0, "birth_aid": 0.0, "housing_aid": 0.0, "subsistence": 0.0}, "other": {"total": 0.0, "daily": 0.0, "others_total": 0.0, "others": {"Abono de permanência": 0, "Abono constitucional de 1/3 de férias": 0.0, "Indenização de férias": 0.0, "Antecipação de férias": 0, "Gratificação natalina": 0.0, "Antecipação de gratificação natalina": 0.0, "Substituição": 0, "Gratificação por exercício cumulativo": 0, "Gratificação por encargo Curso/Concurso": 0.0, "Pagamentos retroativos": 0.0, "JETON": 0.0}}}, "discounts": {"total": 0.0, "prev_contribution": 0.0, "ceil_retention": 0.0, "income_tax": 0.0, "others_total": 0.0, "others": {"Descontos Diversos": 0.0}}}, "FLÁVIA MOREIRA GUIMARÃES PESSOA": {"name": "FLÁVIA MOREIRA GUIMARÃES PESSOA", "type": "membro", "active": true, "income": {"total": 49928.65, "wage": 37328.65, "perks": {"total": 0.0, "food": 0.0, "pre_school": 0, "health": 0.0, "birth_aid": 0.0, "housing_aid": 0.0, "subsistence": 0.0}, "other": {"total": 6300.0, "daily": 6300.0, "others_total": 0.0, "others": {"Abono de permanência": 0, "Abono constitucional de 1/3 de férias": 0.0, "Indenização de férias": 0.0, "Antecipação de férias": 0, "Gratificação natalina": 0.0, "Antecipação de gratificação natalina": 0.0, "Substituição": 0, "Gratificação por exercício cumulativo": 0, "Gratificação por encargo Curso/Concurso": 0.0, "Pagamentos retroativos": 0.0, "JETON": 0.0}}}, "discounts": {"total": 191.13, "prev_contribution": 0.0, "ceil_retention": 0.0, "income_tax": 191.13, "others_total": 0.0, "others": {"Descontos Diversos": 0.0}}}, "FRANCISCO LUCIANO DE AZEVEDO FROTA": {"name": "FRANCISCO LUCIANO DE AZEVEDO FROTA", "type": "membro", "active": true, "income": {"total": 37328.65, "wage": 37328.65, "perks": {"total": 0.0, "food": 0.0, "pre_school": 0, "health": 0.0, "birth_aid": 0.0, "housing_aid": 0.0, "subsistence": 0.0}, "other": {"total": 0.0, "daily": 0.0, "others_total": 0.0, "others": {"Abono de permanência": 0, "Abono constitucional de 1/3 de férias": 0.0, "Indenização de férias": 0.0, "Antecipação de férias": 0, "Gratificação natalina": 0.0, "Antecipação de gratificação natalina": 0.0, "Substituição": 0, "Gratificação por exercício cumulativo": 0, "Gratificação por encargo Curso/Concurso": 0.0, "Pagamentos retroativos": 0.0, "JETON": 0.0}}}, "discounts": {"total": 191.13, "prev_contribution": 0.0, "ceil_retention": 0.0, "income_tax": 191.13, "others_total": 0.0, "others": {"Descontos Diversos": 0.0}}}, "HENRIQUE DE ALMEIDA AVILA": {"name": "HENRIQUE DE ALMEIDA AVILA", "type": "membro", "active": true, "income": {"total": 50806.95, "wage": 37328.65, "perks": {"total": 2278.3, "food": 910.08, "pre_school": 0, "health": 1368.22, "birth_aid": 0.0, "housing_aid": 0.0, "subsistence": 0.0}, "other": {"total": 5600.0, "daily": 5600.0, "others_total": 0.0, "others": {"Abono de permanência": 0, "Abono constitucional de 1/3 de férias": 0.0, "Indenização de férias": 0.0, "Antecipação de férias": 0, "Gratificação natalina": 0.0, "Antecipação de gratificação natalina": 0.0, "Substituição": 0, "Gratificação por exercício cumulativo": 0, "Gratificação por encargo Curso/Concurso": 0.0, "Pagamentos retroativos": 0.0, "JETON": 0.0}}}, "discounts": {"total": 9861.72, "prev_contribution": 642.34, "ceil_retention": 0.0, "income_tax": 9219.38, "others_total": 0.0, "others": {"Descontos Diversos": 0.0}}}, "HUMBERTO EUSTÁQUIO SOARES MARTINS": {"name": "HUMBERTO EUSTÁQUIO SOARES MARTINS", "type": "membro", "active": true, "income": {"total": 45028.65, "wage": 37328.65, "perks": {"total": 0.0, "food": 0.0, "pre_school": 0, "health": 0.0, "birth_aid": 0.0, "housing_aid": 0.0, "subsistence": 0.0}, "other": {"total": 3850.0, "daily": 3850.0, "others_total": 0.0, "others": {"Abono de permanência": 0, "Abono constitucional de 1/3 de férias": 0.0, "Indenização de férias": 0.0, "Antecipação de férias": 0, "Gratificação natalina": 0.0, "Antecipação de gratificação natalina": 0.0, "Substituição": 0, "Gratificação por exercício cumulativo": 0, "Gratificação por encargo Curso/Concurso": 0.0, "Pagamentos retroativos": 0.0, "JETON": 0.0}}}, "discounts": {"total": 0.0, "prev_contribution": 0.0, "ceil_retention": 0.0, "income_tax": 0.0, "others_total": 0.0, "others": {"Descontos Diversos": 0.0}}}, "JORSENILDO DOURADO DO NASCIMENTO": {"name": "JORSENILDO DOURADO DO NASCIMENTO", "type": "membro", "active": true, "income": {"total": 46428.65, "wage": 37328.65, "perks": {"total": 0.0, "food": 0.0, "pre_school": 0, "health": 0.0, "birth_aid": 0.0, "housing_aid": 0.0, "subsistence": 0.0}, "other": {"total": 4550.0, "daily": 4550.0, "others_total": 0.0, "others": {"Abono de permanência": 0, "Abono constitucional de 1/3 de férias": 0.0, "Indenização de férias": 0.0, "Antecipação de férias": 0, "Gratificação natalina": 0.0, "Antecipação de gratificação natalina": 0.0, "Substituição": 0, "Gratificação por exercício cumulativo": 0, "Gratificação por encargo Curso/Concurso": 0.0, "Pagamentos retroativos": 0.0, "JETON": 0.0}}}, "discounts": {"total": 191.13, "prev_contribution": 0.0, "ceil_retention": 0.0, "income_tax": 191.13, "others_total": 0.0, "others": {"Descontos Diversos": 0.0}}}, "JOSÉ ANTONIO DIAS TOFFOLI": {"name": "JOSÉ ANTONIO DIAS TOFFOLI", "type": "membro", "active": true, "income": {"total": 42793.32, "wage": 39293.32, "perks": {"total": 0.0, "food": 0.0, "pre_school": 0, "health": 0.0, "birth_aid": 0.0, "housing_aid": 0.0, "subsistence": 0.0}, "other": {"total": 1750.0, "daily": 1750.0, "others_total": 0.0, "others": {"Abono de permanência": 0, "Abono constitucional de 1/3 de férias": 0.0, "Indenização de férias": 0.0, "Antecipação de férias": 0, "Gratificação natalina": 0.0, "Antecipação de gratificação natalina": 0.0, "Substituição": 0, "Gratificação por exercício cumulativo": 0, "Gratificação por encargo Curso/Concurso": 0.0, "Pagamentos retroativos": 0.0, "JETON": 0.0}}}, "discounts": {"total": 0.0, "prev_contribution": 0.0, "ceil_retention": 0.0, "income_tax": 0.0, "others_total": 0.0, "others": {"Descontos Diversos": 0.0}}}, "KELLY CRISTINA OLIVEIRA COSTA": {"name": "KELLY CRISTINA OLIVEIRA COSTA", "type": "membro", "active": true, "income": {"total": 37328.65, "wage": 37328.65, "perks": {"total": 0.0, "food": 0.0, "pre_school": 0, "health": 0.0, "birth_aid": 0.0, "housing_aid": 0.0, "subsistence": 0.0}, "other": {"total": 0.0, "daily": 0.0, "others_total": 0.0, "others": {"Abono de permanência": 0, "Abono constitucional de 1/3 de férias": 0.0, "Indenização de férias": 0.0, "Antecipação de férias": 0, "Gratificação natalina": 0.0, "Antecipação de gratificação natalina": 0.0, "Substituição": 0, "Gratificação por exercício cumulativo": 0, "Gratificação por encargo Curso/Concurso": 0.0, "Pagamentos retroativos": 0.0, "JETON": 0.0}}}, "discounts": {"total": 191.13, "prev_contribution": 0.0, "ceil_retention": 0.0, "income_tax": 191.13, "others_total": 0.0, "others": {"Descontos Diversos": 0.0}}}, "LÍVIA CRISTINA MARQUES PERES": {"name": "LÍVIA CRISTINA MARQUES PERES", "type": "membro", "active": true, "income": {"total": 46428.65, "wage": 37328.65, "perks": {"total": 0.0, "food": 0.0, "pre_school": 0, "health": 0.0, "birth_aid": 0.0, "housing_aid": 0.0, "subsistence": 0.0}, "other": {"total": 4550.0, "daily": 4550.0, "others_total": 0.0, "others": {"Abono de permanência": 0, "Abono constitucional de 1/3 de férias": 0.0, "Indenização de férias": 0.0, "Antecipação de férias": 0, "Gratificação natalina": 0.0, "Antecipação de gratificação natalina": 0.0, "Substituição": 0, "Gratificação por exercício cumulativo": 0, "Gratificação por encargo Curso/Concurso": 0.0, "Pagamentos retroativos": 0.0, "JETON": 0.0}}}, "discounts": {"total": 191.13, "prev_contribution": 0.0, "ceil_retention": 0.0, "income_tax": 191.13, "others_total": 0.0, "others": {"Descontos Diversos": 0.0}}}, "LUÍS GERALDO SANT'ANA LANFREDI": {"name": "LUÍS GERALDO SANT'ANA LANFREDI", "type": "membro", "active": true, "income": {"total": 70392.45, "wage": 37328.65, "perks": {"total": 5652.71, "food": 0.0, "pre_school": 0, "health": 1493.86, "birth_aid": 0.0, "housing_aid": 4158.85, "subsistence": 0.0}, "other": {"total": 23561.09, "daily": 3850.0, "others_total": 19711.09, "others": {"Abono de permanência": 0, "Abono constitucional de 1/3 de férias": 0.0, "Indenização de férias": 19711.09, "Antecipação de férias": 0, "Gratificação natalina": 0.0, "Antecipação de gratificação natalina": 0.0, "Substituição": 0, "Gratificação por exercício cumulativo": 0, "Gratificação por encargo Curso/Concurso": 0.0, "Pagamentos retroativos": 0.0, "JETON": 0.0}}}, "discounts": {"total": 191.13, "prev_contribution": 0.0, "ceil_retention": 0.0, "income_tax": 191.13, "others_total": 0.0, "others": {"Descontos Diversos": 0.0}}}, "LUIZ AUGUSTO BARRICHELLO NETO": {"name": "LUIZ AUGUSTO BARRICHELLO NETO", "type": "membro", "active": true, "income": {"total": 46428.65, "wage": 37328.65, "perks": {"total": 0.0, "food": 0.0, "pre_school": 0, "health": 0.0, "birth_aid": 0.0, "housing_aid": 0.0, "subsistence": 0.0}, "other": {"total": 4550.0, "daily": 4550.0, "others_total": 0.0, "others": {"Abono de permanência": 0, "Abono constitucional de 1/3 de férias": 0.0, "Indenização de férias": 0.0, "Antecipação de férias": 0, "Gratificação natalina": 0.0, "Antecipação de gratificação natalina": 0.0, "Substituição": 0, "Gratificação por exercício cumulativo": 0, "Gratificação por encargo Curso/Concurso": 0.0, "Pagamentos retroativos": 0.0, "JETON": 0.0}}}, "discounts": {"total": 191.13, "prev_contribution": 0.0, "ceil_retention": 0.0, "income_tax": 191.13, "others_total": 0.0, "others": {"Descontos Diversos": 0.0}}}, "MARCIO LUIZ COELHO DE FREITAS": {"name": "MARCIO LUIZ COELHO DE FREITAS", "type": "membro", "active": true, "income": {"total": 43628.65, "wage": 37328.65, "perks": {"total": 0.0, "food": 0.0, "pre_school": 0, "health": 0.0, "birth_aid": 0.0, "housing_aid": 0.0, "subsistence": 0.0}, "other": {"total": 3150.0, "daily": 3150.0, "others_total": 0.0, "others": {"Abono de permanência": 0, "Abono constitucional de 1/3 de férias": 0.0, "Indenização de férias": 0.0, "Antecipação de férias": 0, "Gratificação natalina": 0.0, "Antecipação de gratificação natalina": 0.0, "Substituição": 0, "Gratificação por exercício cumulativo": 0, "Gratificação por encargo Curso/Concurso": 0.0, "Pagamentos retroativos": 0.0, "JETON": 0.0}}}, "discounts": {"total": 191.13, "prev_contribution": 0.0, "ceil_retention": 0.0, "income_tax": 191.13, "others_total": 0.0, "others": {"Descontos Diversos": 0.0}}}, "MÁRCIO SCHIEFLER FONTES": {"name": "MÁRCIO SCHIEFLER FONTES", "type": "membro", "active": true, "income": {"total": 52028.65, "wage": 37328.65, "perks": {"total": 0.0, "food": 0.0, "pre_school": 0, "health": 0.0, "birth_aid": 0.0, "housing_aid": 0.0, "subsistence": 0.0}, "other": {"total": 7350.0, "daily": 7350.0, "others_total": 0.0, "others": {"Abono de permanência": 0, "Abono constitucional de 1/3 de férias": 0.0, "Indenização de férias": 0.0, "Antecipação de férias": 0, "Gratificação natalina": 0.0, "Antecipação de gratificação natalina": 0.0, "Substituição": 0, "Gratificação por exercício cumulativo": 0, "Gratificação por encargo Curso/Concurso": 0.0, "Pagamentos retroativos": 0.0, "JETON": 0.0}}}, "discounts": {"total": 131.08, "prev_contribution": 0.0, "ceil_retention": 0.0, "income_tax": 131.08, "others_total": 0.0, "others": {"Descontos Diversos": 0.0}}}, "MARIA CRISTIANA SIMÕES AMORIM ZIOUVA": {"name": "MARIA CRISTIANA SIMÕES AMORIM ZIOUVA", "type": "membro", "active": true, "income": {"total": 51893.22, "wage": 39293.22, "perks": {"total": 0.0, "food": 0.0, "pre_school": 0, "health": 0.0, "birth_aid": 0.0, "housing_aid": 0.0, "subsistence": 0.0}, "other": {"total": 6300.0, "daily": 6300.0, "others_total": 0.0, "others": {"Abono de permanência": 0, "Abono constitucional de 1/3 de férias": 0.0, "Indenização de férias": 0.0, "Antecipação de férias": 0, "Gratificação natalina": 0.0, "Antecipação de gratificação natalina": 0.0, "Substituição": 0, "Gratificação por exercício cumulativo": 0, "Gratificação por encargo Curso/Concurso": 0.0, "Pagamentos retroativos": 0.0, "JETON": 0.0}}}, "discounts": {"total": 0.0, "prev_contribution": 0.0, "ceil_retention": 0.0, "income_tax": 0.0, "others_total": 0.0, "others": {"Descontos Diversos": 0.0}}}, "MARIA IRACEMA MARTINS DO VALE": {"name": "MARIA IRACEMA MARTINS DO VALE", "type": "membro", "active": true, "income": {"total": 44328.65, "wage": 37328.65, "perks": {"total": 0.0, "food": 0.0, "pre_school": 0, "health": 0.0, "birth_aid": 0.0, "housing_aid": 0.0, "subsistence": 0.0}, "other": {"total": 3500.0, "daily": 3500.0, "others_total": 0.0, "others": {"Abono de permanência": 0, "Abono constitucional de 1/3 de férias": 0.0, "Indenização de férias": 0.0, "Antecipação de férias": 0, "Gratificação natalina": 0.0, "Antecipação de gratificação natalina": 0.0, "Substituição": 0, "Gratificação por exercício cumulativo": 0, "Gratificação por encargo Curso/Concurso": 0.0, "Pagamentos retroativos": 0.0, "JETON": 0.0}}}, "discounts": {"total": 0.0, "prev_contribution": 0.0, "ceil_retention": 0.0, "income_tax": 0.0, "others_total": 0.0, "others": {"Descontos Diversos": 0.0}}}, "MARIA TEREZA UILLE GOMES": {"name": "MARIA TEREZA UILLE GOMES", "type": "membro", "active": true, "income": {"total": 52238.73, "wage": 37328.65, "perks": {"total": 910.08, "food": 910.08, "pre_school": 0, "health": 0.0, "birth_aid": 0.0, "housing_aid": 0.0, "subsistence": 0.0}, "other": {"total": 7000.0, "daily": 7000.0, "others_total": 0.0, "others": {"Abono de permanência": 0, "Abono constitucional de 1/3 de férias": 0.0, "Indenização de férias": 0.0, "Antecipação de férias": 0, "Gratificação natalina": 0.0, "Antecipação de gratificação natalina": 0.0, "Substituição": 0, "Gratificação por exercício cumulativo": 0, "Gratificação por encargo Curso/Concurso": 0.0, "Pagamentos retroativos": 0.0, "JETON": 0.0}}}, "discounts": {"total": 128.29, "prev_contribution": 128.29, "ceil_retention": 0.0, "income_tax": 0.0, "others_total": 0.0, "others": {"Descontos Diversos": 0.0}}}, "MARIO AUGUSTO FIGUEIREDO DE LACERDA GUERREIRO": {"name": "MARIO AUGUSTO FIGUEIREDO DE LACERDA GUERREIRO", "type": "membro", "active": true, "income": {"total": 46428.65, "wage": 37328.65, "perks": {"total": 0.0, "food": 0.0, "pre_school": 0, "health": 0.0, "birth_aid": 0.0, "housing_aid": 0.0, "subsistence": 0.0}, "other": {"total": 4550.0, "daily": 4550.0, "others_total": 0.0, "others": {"Abono de permanência": 0, "Abono constitucional de 1/3 de férias": 0.0, "Indenização de férias": 0.0, "Antecipação de férias": 0, "Gratificação natalina": 0.0, "Antecipação de gratificação natalina": 0.0, "Substituição": 0, "Gratificação por exercício cumulativo": 0, "Gratificação por encargo Curso/Concurso": 0.0, "Pagamentos retroativos": 0.0, "JETON": 0.0}}}, "discounts": {"total": 1496.81, "prev_contribution": 0.0, "ceil_retention": 0.0, "income_tax": 1496.81, "others_total": 0.0, "others": {"Descontos Diversos": 0.0}}}, "MIGUEL ANGELO DE ALVARENGA LOPES": {"name": "MIGUEL ANGELO DE ALVARENGA LOPES", "type": "membro", "active": true, "income": {"total": 52728.65, "wage": 37328.65, "perks": {"total": 0.0, "food": 0.0, "pre_school": 0, "health": 0.0, "birth_aid": 0.0, "housing_aid": 0.0, "subsistence": 0.0}, "other": {"total": 7700.0, "daily": 7700.0, "others_total": 0.0, "others": {"Abono de permanência": 0, "Abono constitucional de 1/3 de férias": 0.0, "Indenização de férias": 0.0, "Antecipação de férias": 0, "Gratificação natalina": 0.0, "Antecipação de gratificação natalina": 0.0, "Substituição": 0, "Gratificação por exercício cumulativo": 0, "Gratificação por encargo Curso/Concurso": 0.0, "Pagamentos retroativos": 0.0, "JETON": 0.0}}}, "discounts": {"total": 191.13, "prev_contribution": 0.0, "ceil_retention": 0.0, "income_tax": 191.13, "others_total": 0.0, "others": {"Descontos Diversos": 0.0}}}, "NARTIR DANTAS WEBER": {"name": "NARTIR DANTAS WEBER", "type": "membro", "active": true, "income": {"total": 54128.65, "wage": 37328.65, "perks": {"total": 0.0, "food": 0.0, "pre_school": 0, "health": 0.0, "birth_aid": 0.0, "housing_aid": 0.0, "subsistence": 0.0}, "other": {"total": 8400.0, "daily": 8400.0, "others_total": 0.0, "others": {"Abono de permanência": 0, "Abono constitucional de 1/3 de férias": 0.0, "Indenização de férias": 0.0, "Antecipação de férias": 0, "Gratificação natalina": 0.0, "Antecipação de gratificação natalina": 0.0, "Substituição": 0, "Gratificação por exercício cumulativo": 0, "Gratificação por encargo Curso/Concurso": 0.0, "Pagamentos retroativos": 0.0, "JETON": 0.0}}}, "discounts": {"total": 1603.04, "prev_contribution": 0.0, "ceil_retention": 0.0, "income_tax": 1603.04, "others_total": 0.0, "others": {"Descontos Diversos": 0.0}}}, "RICHARD PAE KIM": {"name": "RICHARD PAE KIM", "type": "membro", "active": true, "income": {"total": 55948.65, "wage": 37328.65, "perks": {"total": 3920.0, "food": 0.0, "pre_school": 0, "health": 3920.0, "birth_aid": 0.0, "housing_aid": 0.0, "subsistence": 0.0}, "other": {"total": 7350.0, "daily": 7350.0, "others_total": 0.0, "others": {"Abono de permanência": 0, "Abono constitucional de 1/3 de férias": 0.0, "Indenização de férias": 0.0, "Antecipação de férias": 0, "Gratificação natalina": 0.0, "Antecipação de gratificação natalina": 0.0, "Substituição": 0, "Gratificação por exercício cumulativo": 0, "Gratificação por encargo Curso/Concurso": 0.0, "Pagamentos retroativos": 0.0, "JETON": 0.0}}}, "discounts": {"total": 191.13, "prev_contribution": 0.0, "ceil_retention": 0.0, "income_tax": 191.13, "others_total": 0.0, "others": {"Descontos Diversos": 0.0}}}, "RODRIGO CAPEZ": {"name": "RODRIGO CAPEZ", "type": "membro", "active": true, "income": {"total": 55528.65, "wage": 37328.65, "perks": {"total": 0.0, "food": 0.0, "pre_school": 0, "health": 0.0, "birth_aid": 0.0, "housing_aid": 0.0, "subsistence": 0.0}, "other": {"total": 9100.0, "daily": 9100.0, "others_total": 0.0, "others": {"Abono de permanência": 0, "Abono constitucional de 1/3 de férias": 0.0, "Indenização de férias": 0.0, "Antecipação de férias": 0, "Gratificação natalina": 0.0, "Antecipação de gratificação natalina": 0.0, "Substituição": 0, "Gratificação por exercício cumulativo": 0, "Gratificação por encargo Curso/Concurso": 0.0, "Pagamentos retroativos": 0.0, "JETON": 0.0}}}, "discounts": {"total": 191.13, "prev_contribution": 0.0, "ceil_retention": 0.0, "income_tax": 191.13, "others_total": 0.0, "others": {"Descontos Diversos": 0.0}}}, "RUBENS DE MENDONÇA CANUTO NETO": {"name": "RUBENS DE MENDONÇA CANUTO NETO", "type": "membro", "active": true, "income": {"total": 35462.22, "wage": 35462.22, "perks": {"total": 0.0, "food": 0.0, "pre_school": 0, "health": 0.0, "birth_aid": 0.0, "housing_aid": 0.0, "subsistence": 0.0}, "other": {"total": 0.0, "daily": 0.0, "others_total": 0.0, "others": {"Abono de permanência": 0, "Abono constitucional de 1/3 de férias": 0.0, "Indenização de férias": 0.0, "Antecipação de férias": 0, "Gratificação natalina": 0.0, "Antecipação de gratificação natalina": 0.0, "Substituição": 0, "Gratificação por exercício cumulativo": 0, "Gratificação por encargo Curso/Concurso": 0.0, "Pagamentos retroativos": 0.0, "JETON": 0.0}}}, "discounts": {"total": 0.0, "prev_contribution": 0.0, "ceil_retention": 0.0, "income_tax": 0.0, "others_total": 0.0, "others": {"Descontos Diversos": 0.0}}}, "SANDRA APARECIDA SILVESTRE DE FRIAS TORRES": {"name": "SANDRA APARECIDA SILVESTRE DE FRIAS TORRES", "type": "membro", "active": true, "income": {"total": 46428.65, "wage": 37328.65, "perks": {"total": 0.0, "food": 0.0, "pre_school": 0, "health": 0.0, "birth_aid": 0.0, "housing_aid": 0.0, "subsistence": 0.0}, "other": {"total": 4550.0, "daily": 4550.0, "others_total": 0.0, "others": {"Abono de permanência": 0, "Abono constitucional de 1/3 de férias": 0.0, "Indenização de férias": 0.0, "Antecipação de férias": 0, "Gratificação natalina": 0.0, "Antecipação de gratificação natalina": 0.0, "Substituição": 0, "Gratificação por exercício cumulativo": 0, "Gratificação por encargo Curso/Concurso": 0.0, "Pagamentos retroativos": 0.0, "JETON": 0.0}}}, "discounts": {"total": 191.13, "prev_contribution": 0.0, "ceil_retention": 0.0, "income_tax": 191.13, "others_total": 0.0, "others": {"Descontos Diversos": 0.0}}}, "SERGIO RICARDO DE SOUZA": {"name": "SERGIO RICARDO DE SOUZA", "type": "membro", "active": true, "income": {"total": 51328.65, "wage": 37328.65, "perks": {"total": 0.0, "food": 0.0, "pre_school": 0, "health": 0.0, "birth_aid": 0.0, "housing_aid": 0.0, "subsistence": 0.0}, "other": {"total": 7000.0, "daily": 7000.0, "others_total": 0.0, "others": {"Abono de permanência": 0, "Abono constitucional de 1/3 de férias": 0.0, "Indenização de férias": 0.0, "Antecipação de férias": 0, "Gratificação natalina": 0.0, "Antecipação de gratificação natalina": 0.0, "Substituição": 0, "Gratificação por exercício cumulativo": 0, "Gratificação por encargo Curso/Concurso": 0.0, "Pagamentos retroativos": 0.0, "JETON": 0.0}}}, "discounts": {"total": 191.13, "prev_contribution": 0.0, "ceil_retention": 0.0, "income_tax": 191.13, "others_total": 0.0, "others": {"Descontos Diversos": 0.0}}}, "SILVANA MARIA CANSANÇÃO DE ALBUQUERQUE": {"name": "SILVANA MARIA CANSANÇÃO DE ALBUQUERQUE", "type": "membro", "active": true, "income": {"total": 38429.77, "wage": 38429.77, "perks": {"total": 0.0, "food": 0.0, "pre_school": 0, "health": 0.0, "birth_aid": 0.0, "housing_aid": 0.0, "subsistence": 0.0}, "other": {"total": 0.0, "daily": 0.0, "others_total": 0.0, "others": {"Abono de permanência": 0, "Abono constitucional de 1/3 de férias": 0.0, "Indenização de férias": 0.0, "Antecipação de férias": 0, "Gratificação natalina": 0.0, "Antecipação de gratificação natalina": 0.0, "Substituição": 0, "Gratificação por exercício cumulativo": 0, "Gratificação por encargo Curso/Concurso": 0.0, "Pagamentos retroativos": 0.0, "JETON": 0.0}}}, "discounts": {"total": 0.0, "prev_contribution": 0.0, "ceil_retention": 0.0, "income_tax": 0.0, "others_total": 0.0, "others": {"Descontos Diversos": 0.0}}}, "VALTERCIO RONALDO DE OLIVEIRA": {"name": "VALTERCIO RONALDO DE OLIVEIRA", "type": "membro", "active": true, "income": {"total": 45028.65, "wage": 37328.65, "perks": {"total": 0.0, "food": 0.0, "pre_school": 0, "health": 0.0, "birth_aid": 0.0, "housing_aid": 0.0, "subsistence": 0.0}, "other": {"total": 3850.0, "daily": 3850.0, "others_total": 0.0, "others": {"Abono de permanência": 0, "Abono constitucional de 1/3 de férias": 0.0, "Indenização de férias": 0.0, "Antecipação de férias": 0, "Gratificação natalina": 0.0, "Antecipação de gratificação natalina": 0.0, "Substituição": 0, "Gratificação por exercício cumulativo": 0, "Gratificação por encargo Curso/Concurso": 0.0, "Pagamentos retroativos": 0.0, "JETON": 0.0}}}, "discounts": {"total": 0.0, "prev_contribution": 0.0, "ceil_retention": 0.0, "income_tax": 0.0, "others_total": 0.0, "others": {"Descontos Diversos": 0.0}}}}, "timestamp": "2021-03-29T15:31:22-03:00"}}